x,y,label
-1.94769,-12.96589,0.00000
-12.40115,7.48914,1.00000
-7.09143,-8.95124,0.00000
6.82431,8.79871,1.00000
15.32406,-1.83301,0.00000
6.28296,-4.64911,1.00000
-0.39065,-12.20238,0.00000
-8.61537,10.37398,1.00000
-10.95722,8.78128,1.00000
-6.82907,12.08553,1.00000
1.24793,-6.44238,1.00000
-4.59257,7.18842,0.00000
2.82477,-7.49323,1.00000
-2.97672,7.01323,0.00000
-15.52053,2.13412,1.00000
3.60515,-4.91634,1.00000
-7.63971,-7.94013,0.00000
12.58249,-7.11719,0.00000
-4.46875,-10.00415,0.00000
-12.61677,7.99611,1.00000
-4.40337,-10.34272,0.00000
-10.93728,9.84471,1.00000
-8.60856,11.25336,1.00000
0.51232,-7.24762,1.00000
11.92337,-7.14630,0.00000
8.44089,-1.34862,1.00000
4.70079,-12.05391,0.00000
8.15961,7.76614,1.00000
9.11995,-10.34484,0.00000
-0.62287,-5.02979,1.00000
-8.12254,10.87823,1.00000
12.53372,-8.49842,0.00000
13.47800,-6.38861,0.00000
6.74488,8.85398,1.00000
1.15682,-12.55038,0.00000
-10.37421,7.98100,1.00000
-7.94571,-6.60821,0.00000
1.56815,11.95634,1.00000
-6.61279,-10.18830,0.00000
7.27684,5.32424,1.00000
-15.41051,-0.64646,1.00000
-6.72791,-8.91949,0.00000
10.27966,-10.46656,0.00000
8.12345,5.04989,1.00000
9.29296,-0.96017,1.00000
4.53033,10.21402,1.00000
5.32095,-5.56099,1.00000
15.37866,-4.54912,0.00000
-3.97880,4.89417,0.00000
9.01950,3.46719,1.00000
1.40184,-5.32945,1.00000
-0.20934,-6.71745,1.00000
1.42487,4.92490,0.00000
9.75151,4.47077,1.00000
-5.53815,11.66936,1.00000
3.98644,-12.03378,0.00000
-13.86420,5.73129,1.00000
-8.05952,4.19219,0.00000
-10.86141,8.12963,1.00000
9.37116,7.22841,1.00000
1.20690,-12.41653,0.00000
-7.51474,-1.70137,0.00000
-1.76615,7.02187,0.00000
-5.21871,4.96572,0.00000
11.81610,-9.25208,0.00000
7.00866,-4.20847,1.00000
-3.05497,-5.79642,1.00000
3.89497,-7.42603,1.00000
5.13733,-7.01781,1.00000
4.47557,-12.18416,0.00000
-7.09755,-8.97915,0.00000
-7.30755,-8.94468,0.00000
-12.84685,7.08914,1.00000
7.71915,-10.18547,0.00000
2.09189,4.85844,0.00000
-2.12020,12.59641,1.00000
7.01589,-11.00664,0.00000
-3.42137,-11.88280,0.00000
-7.41697,-9.96019,0.00000
15.56842,-0.42128,0.00000
8.85957,0.71329,1.00000
-13.91468,5.53679,1.00000
-11.69511,10.03024,1.00000
-7.47794,-8.67708,0.00000
3.47529,11.36616,1.00000
8.37210,5.79761,1.00000
-3.33424,13.52230,1.00000
-2.07777,-10.97800,0.00000
-4.22967,5.80602,0.00000
2.80557,-12.97842,0.00000
-5.06820,-9.45111,0.00000
-9.69139,-0.51355,0.00000
1.07047,-7.47460,1.00000
-13.83558,4.83469,1.00000
7.37130,6.11137,1.00000
-14.51861,4.78017,1.00000
5.39610,9.30978,1.00000
-0.26848,12.00381,1.00000
8.17758,-4.34471,1.00000
-14.88148,0.95633,1.00000
-15.63778,5.10613,1.00000
6.16239,-4.58184,1.00000
3.17776,11.85244,1.00000
-1.32280,-11.78876,0.00000
9.24297,-3.23979,1.00000
-7.63930,-9.94989,0.00000
-10.33912,9.60182,1.00000
2.73382,11.55636,1.00000
-2.01289,6.66909,0.00000
15.33638,-2.90838,0.00000
-1.55976,-2.80125,1.00000
16.40087,0.21997,0.00000
2.95833,-6.37200,1.00000
6.92398,9.38612,1.00000
-13.35555,5.48757,1.00000
9.35673,-2.38437,1.00000
-5.79308,-9.68737,0.00000
-4.76576,12.59707,1.00000
1.97542,12.39597,1.00000
-3.00335,6.46400,0.00000
9.06919,7.58481,1.00000
16.80196,-0.81609,0.00000
2.19625,3.73478,0.00000
7.37771,-4.20727,1.00000
-4.32584,-10.65042,0.00000
-3.13796,-5.13574,1.00000
-3.91078,6.57641,0.00000
6.70435,-11.15917,0.00000
7.19699,-3.48068,1.00000
-12.72419,8.36287,1.00000
14.87787,-0.38202,0.00000
-15.57343,2.18335,1.00000
-5.07354,-10.40832,0.00000
0.72362,13.00835,1.00000
3.05616,12.81149,1.00000
-7.70213,-7.30069,0.00000
-6.19660,12.22339,1.00000
14.98904,-3.78154,0.00000
-1.68500,6.17435,0.00000
-1.17142,-12.21624,0.00000
12.66258,-6.73225,0.00000
5.41698,-12.13569,0.00000
-7.70120,9.43504,1.00000
2.92593,-11.91713,0.00000
5.63144,-4.50283,1.00000
-1.02870,-11.73649,0.00000
-3.50095,-4.01395,1.00000
-3.14031,-5.47196,1.00000
15.97699,-2.43778,0.00000
16.10018,-4.11823,0.00000
-9.67011,-5.27360,0.00000
-15.48163,2.11335,1.00000
-7.64875,4.82290,0.00000
-2.96465,6.96637,0.00000
-3.60012,-2.13121,1.00000
-3.35563,12.03817,1.00000
-2.75661,-5.67261,1.00000
-5.39082,-10.49597,0.00000
-10.62344,10.40006,1.00000
3.60397,3.68002,0.00000
7.22049,-11.38336,0.00000
-10.51208,-0.71945,0.00000
-11.89132,8.54868,1.00000
-9.83451,-3.30511,0.00000
8.33161,7.08693,1.00000
15.90234,-3.09963,0.00000
-8.31889,-5.25209,0.00000
3.21988,3.31746,0.00000
3.39790,2.54264,0.00000
-3.36859,12.44736,1.00000
-11.97257,8.17313,1.00000
-14.82619,-0.15793,1.00000
-8.80526,-1.50689,0.00000
14.52777,-1.25274,0.00000
-9.09652,10.61323,1.00000
9.79695,2.90980,1.00000
-7.28409,11.05306,1.00000
0.13865,-6.35324,1.00000
-2.81334,-11.98550,0.00000
15.66408,-2.37501,0.00000
-5.63289,5.32576,0.00000
10.44443,-9.33266,0.00000
7.50633,-12.09784,0.00000
-4.39610,13.36414,1.00000
8.80836,3.63843,1.00000
3.83059,10.10368,1.00000
-11.48597,10.98637,1.00000
3.47479,10.11622,1.00000
3.58216,11.14068,1.00000
-4.33751,12.42655,1.00000
15.43047,-1.45329,0.00000
15.52752,-4.14854,0.00000
-1.68405,13.79512,1.00000
-10.36885,8.96141,1.00000
-8.14763,-6.11917,0.00000
6.87751,-11.07850,0.00000
-3.63213,-4.51222,1.00000
15.32462,-1.99020,0.00000
2.24828,-6.22255,1.00000
1.49179,-12.59771,0.00000
-1.14524,7.45641,0.00000
3.61468,-7.04470,1.00000
-9.56199,-1.71919,0.00000
-10.07143,-3.01862,0.00000
-9.87680,8.84247,1.00000
-1.73126,6.92609,0.00000
-7.76634,10.23873,1.00000
-10.67747,-2.56995,0.00000
-10.34565,-0.01891,0.00000
-8.08389,0.96199,0.00000
-3.98690,11.93550,1.00000
10.73108,-10.80349,0.00000
-8.68297,-3.57708,0.00000
-9.40968,10.80714,1.00000
10.45824,0.37085,1.00000
2.96218,-13.07657,0.00000
8.46168,-4.07556,1.00000
12.24621,-8.51341,0.00000
13.52616,-3.96445,0.00000
1.91092,-12.51071,0.00000
9.76382,2.51585,1.00000
-7.88832,-8.27070,0.00000
10.12955,-9.96748,0.00000
-8.59139,10.28259,1.00000
-14.33327,5.02470,1.00000
-13.88243,1.58148,1.00000
-5.38561,-10.04295,0.00000
-2.42306,11.64094,1.00000
6.63741,-2.02359,1.00000
-13.89894,2.04408,1.00000
-15.87082,-0.74158,1.00000
8.48869,-2.47023,1.00000
8.01406,6.15211,1.00000
15.33146,-4.95240,0.00000
-4.66067,-9.46260,0.00000
0.17073,12.36931,1.00000
5.58695,10.84764,1.00000
-9.86776,-2.95681,0.00000
10.31155,-10.13960,0.00000
11.71912,-7.99553,0.00000
4.17491,12.09734,1.00000
-0.79451,13.22796,1.00000
-3.29677,-1.45813,1.00000
-8.07758,-5.64653,0.00000
6.20612,9.63494,1.00000
7.47089,8.41553,1.00000
-8.87171,-3.82455,0.00000
9.57797,-10.41185,0.00000
-7.37437,11.78333,1.00000
11.27933,-9.58552,0.00000
-0.37092,-13.39145,0.00000
4.65604,9.94035,1.00000
8.18463,-1.91106,1.00000
-5.01924,5.24366,0.00000
5.86276,9.76033,1.00000
-10.37087,-3.56094,0.00000
-8.88123,11.01976,1.00000
3.13876,-12.53856,0.00000
-14.33099,-0.97970,1.00000
1.80531,12.71520,1.00000
5.19262,11.30958,1.00000
12.47165,-7.34465,0.00000
6.43200,-11.23370,0.00000
-4.50047,13.79972,1.00000
10.15161,2.73339,1.00000
3.94584,12.58830,1.00000
-3.46960,-11.28456,0.00000
3.67725,-12.99151,0.00000
9.89023,5.91692,1.00000
16.09565,-0.54142,0.00000
-13.02376,8.29693,1.00000
-15.79026,1.35729,1.00000
6.76432,-11.82091,0.00000
4.21317,-6.21258,1.00000
-7.89113,10.93185,1.00000
-11.91494,7.99836,1.00000
9.20707,1.07962,1.00000
-15.31747,0.88745,1.00000
-10.17483,10.29730,1.00000
-3.64647,12.52731,1.00000
-14.18838,5.02151,1.00000
-5.07700,4.43243,0.00000
-7.86754,3.26689,0.00000
-5.49789,12.35567,1.00000
-14.91610,1.54613,1.00000
6.69778,8.68478,1.00000
3.84086,-5.25642,1.00000
-2.29429,-11.49821,0.00000
-0.38775,11.48273,1.00000
5.70674,-12.91931,0.00000
7.52201,-10.49041,0.00000
-10.59968,9.85967,1.00000
-2.40882,-11.31605,0.00000
-6.53270,-10.48781,0.00000
9.47424,5.38291,1.00000
3.41739,-5.71824,1.00000
7.44267,-4.00520,1.00000
3.50926,11.04542,1.00000
2.47413,4.97643,0.00000
4.08764,1.54090,0.00000
-8.98593,-3.92586,0.00000
9.23676,5.07503,1.00000
8.72000,2.63087,1.00000
14.03172,-4.70455,0.00000
-14.52030,4.94782,1.00000
-4.71097,12.48508,1.00000
1.06968,5.39380,0.00000
-6.76785,3.62276,0.00000
12.94777,-6.34283,0.00000
7.46437,-11.43551,0.00000
4.43552,-6.12559,1.00000
-6.68882,11.48744,1.00000
-3.08761,-12.61924,0.00000
13.81072,-4.45978,0.00000
2.33467,-8.62183,1.00000
7.45245,8.39369,1.00000
1.78640,12.53321,1.00000
0.05533,-13.14253,0.00000
3.29461,11.33282,1.00000
-7.98678,-7.09456,0.00000
-9.89339,-1.19374,0.00000
10.31386,-10.07378,0.00000
8.36991,-11.59067,0.00000
-9.17998,-3.34402,0.00000
10.86383,-9.19393,0.00000
-5.20088,-11.53835,0.00000
13.84600,-6.14093,0.00000
-6.05394,3.96019,0.00000
10.62669,3.88433,1.00000
2.62439,-6.02408,1.00000
9.68607,3.39976,1.00000
6.55334,10.00632,1.00000
15.56271,-1.56839,0.00000
-2.36501,13.37738,1.00000
-13.74284,5.05596,1.00000
8.19275,7.40964,1.00000
-13.60117,6.82571,1.00000
-5.82825,-9.90627,0.00000
1.22502,11.22209,1.00000
10.77989,-10.20964,0.00000
-11.48252,-1.79632,0.00000
1.92342,-12.48676,0.00000
7.86069,-3.84557,1.00000
-7.41241,12.07896,1.00000
7.95014,7.21965,1.00000
-0.46087,-5.06150,1.00000
-3.99872,-1.78090,1.00000
6.36041,-6.38119,1.00000
-2.95036,13.19772,1.00000
9.24519,4.14537,1.00000
-4.24197,7.43236,0.00000
-10.69542,-2.31968,0.00000
-12.86669,8.52513,1.00000
-1.50741,-4.91274,1.00000
8.43920,3.05390,1.00000
7.67669,8.02772,1.00000
-6.06049,13.82723,1.00000
13.81380,-5.74142,0.00000
5.55798,9.51449,1.00000
8.99164,3.29175,1.00000
-14.32060,3.75450,1.00000
-16.80867,2.63631,1.00000
-4.56505,6.27484,0.00000
-10.09147,-2.73663,0.00000
-3.73309,-11.52917,0.00000
-9.10051,-3.68480,0.00000
11.98348,-8.31229,0.00000
-2.78592,-12.33367,0.00000
-6.83658,-8.91906,0.00000
8.79664,6.62787,1.00000
14.58225,-1.84837,0.00000
-15.05888,2.72907,1.00000
-8.60886,-8.48108,0.00000
13.11327,-7.49251,0.00000
0.52149,-12.87503,0.00000
5.76121,11.30542,1.00000
-13.32389,6.70235,1.00000
7.68204,-11.79296,0.00000
0.61125,12.75791,1.00000
9.58431,-1.92576,1.00000
-6.18293,-10.37479,0.00000
-0.96972,-5.64981,1.00000
9.34858,2.55256,1.00000
-7.23650,5.23392,0.00000
-6.14470,12.63876,1.00000
11.13530,-8.10956,0.00000
-10.43570,9.85245,1.00000
-6.88269,-8.89162,0.00000
-3.06348,-2.79188,1.00000
-2.54611,7.43823,0.00000
-8.92823,-6.53350,0.00000
7.73445,8.14479,1.00000
14.48414,-1.20247,0.00000
-1.17889,-11.40510,0.00000
-14.22438,7.35390,1.00000
9.92406,0.69580,1.00000
1.93296,-12.04413,0.00000
8.62989,5.42263,1.00000
0.19284,13.09737,1.00000
-15.36341,2.36579,1.00000
9.55059,3.75891,1.00000
7.75198,-13.19265,0.00000
-2.99056,7.89350,0.00000
8.81088,-9.96275,0.00000
-13.49407,7.20595,1.00000
15.51633,-1.58316,0.00000
-5.22718,5.47242,0.00000
0.94894,11.82986,1.00000
16.51692,-1.09956,0.00000
14.16803,-2.76510,0.00000
6.83016,-10.87714,0.00000
-9.44071,9.38377,1.00000
-5.22113,6.36414,0.00000
7.95939,9.35287,1.00000
-8.14326,-6.93018,0.00000
-8.15988,3.23809,0.00000
-0.22471,-6.24891,1.00000
9.63986,-10.33955,0.00000
-1.13244,-1.67305,1.00000
9.82352,-11.45472,0.00000
-2.33416,13.79152,1.00000
14.47175,-1.57495,0.00000
-8.44847,1.87670,0.00000
-8.77464,1.57369,0.00000
14.77712,-2.52658,0.00000
12.60302,-7.43016,0.00000
-5.49568,-10.35514,0.00000
-16.18588,1.02455,1.00000
11.03692,4.05799,1.00000
13.56464,-7.06891,0.00000
4.55908,10.59324,1.00000
-7.71628,4.24232,0.00000
-8.84446,-6.26193,0.00000
9.49945,-8.82010,0.00000
5.98722,-4.44630,1.00000
-15.26992,2.81062,1.00000
15.47006,-3.63997,0.00000
-7.41479,-11.78944,0.00000
-9.38220,-2.27657,0.00000
-10.56562,8.41843,1.00000
-11.91382,8.56048,1.00000
5.17831,10.39574,1.00000
2.37984,4.65321,0.00000
10.05418,-9.68216,0.00000
-3.44904,-10.82982,0.00000
8.43334,-2.16313,1.00000
-9.79091,3.80563,0.00000
6.35641,-12.45372,0.00000
3.79199,-12.50821,0.00000
10.09544,-10.44569,0.00000
9.84546,0.14958,1.00000
9.34944,2.23535,1.00000
6.21392,-13.23350,0.00000
5.89518,-12.13026,0.00000
13.31218,-8.17164,0.00000
6.79532,-11.85156,0.00000
14.29468,-6.46529,0.00000
-15.52519,2.58753,1.00000
8.85295,-9.96133,0.00000
14.99618,-4.55813,0.00000
13.86707,-6.08376,0.00000
7.80701,8.18059,1.00000
-4.97112,3.94473,0.00000
-3.58066,7.54183,0.00000
-10.08336,9.97071,1.00000
9.03870,3.35011,1.00000
-15.39004,1.79755,1.00000
-9.75886,-1.93524,0.00000
-0.19889,6.28022,0.00000
-7.92441,-7.45228,0.00000
-2.85691,-2.24279,1.00000
-7.77017,3.18508,0.00000
-1.17216,-5.64388,1.00000
-8.20155,2.59592,0.00000
5.75336,-5.92534,1.00000
-9.02750,-0.84071,0.00000
8.77492,4.47169,1.00000
5.02452,10.41420,1.00000
2.85824,12.80168,1.00000
-14.31869,4.95010,1.00000
7.69579,-4.36962,1.00000
2.49478,13.38408,1.00000
14.93601,-2.26186,0.00000
12.48952,-7.00179,0.00000
7.72617,-2.74293,1.00000
-9.21523,10.45264,1.00000
-2.13284,-2.30114,1.00000
1.55100,12.12264,1.00000
-13.67592,5.62785,1.00000
-6.30058,-9.87452,0.00000
-8.92283,-2.28184,0.00000
5.28223,10.07702,1.00000
11.65755,-7.99758,0.00000
13.56878,-6.48875,0.00000
3.79958,2.40271,0.00000
-3.17997,12.08356,1.00000
-8.07332,11.21319,1.00000
8.33599,1.23279,1.00000
-9.96290,-2.61226,0.00000
0.84077,-7.75500,1.00000
2.97229,-6.07107,1.00000
9.61108,-9.82677,0.00000
4.06782,-6.86245,1.00000
6.17138,-11.59939,0.00000
14.85110,-1.92200,0.00000
-8.15268,-6.53436,0.00000
7.71811,6.96369,1.00000
-4.29104,5.23582,0.00000
-13.86583,5.41847,1.00000
-5.34782,11.34903,1.00000
8.52850,4.92054,1.00000
14.65815,-3.16022,0.00000
10.01230,-9.68271,0.00000
-8.90977,-2.26583,0.00000
5.13269,12.64844,1.00000
-4.50152,-11.83378,0.00000
-2.04142,-11.55744,0.00000
-3.51412,-12.12249,0.00000
-5.74899,-9.48472,0.00000
14.09979,-8.31040,0.00000
-8.50341,2.31045,0.00000
2.58114,-5.98160,1.00000
-1.30065,13.74143,1.00000
-8.34648,-6.80109,0.00000
-7.90522,4.26568,0.00000
-8.19280,11.30565,1.00000
-8.73923,0.88506,0.00000
-6.46203,12.49292,1.00000
9.53477,-10.71649,0.00000
-3.18714,6.60787,0.00000
-4.12107,12.33457,1.00000
15.38494,-3.34028,0.00000
-3.13573,-11.10568,0.00000
-7.57015,-8.24024,0.00000
-3.90152,4.97880,0.00000
12.14632,-8.87415,0.00000
-7.27756,5.68008,0.00000
-2.34601,-1.81396,1.00000
-5.93954,12.69957,1.00000
-5.16117,-10.76902,0.00000
-1.00427,12.90573,1.00000
-10.34153,10.25331,1.00000
10.18403,0.92702,1.00000
7.56708,7.15929,1.00000
3.12112,-12.82247,0.00000
14.24694,-3.63194,0.00000
-1.10177,-12.10988,0.00000
0.67658,12.27833,1.00000
3.84061,-12.38346,0.00000
0.69864,-13.19252,0.00000
-13.30470,6.76405,1.00000
-5.55419,-1.09888,1.00000
-11.32385,9.61705,1.00000
-1.31318,-4.99542,1.00000
8.17548,2.89915,1.00000
1.42129,-12.95027,0.00000
-13.96332,5.73944,1.00000
-10.02947,8.81311,1.00000
15.47866,-1.75042,0.00000
1.07647,-6.49620,1.00000
-13.92501,3.39816,1.00000
-7.40464,11.69019,1.00000
-7.53914,3.74341,0.00000
-6.11390,-8.67674,0.00000
-4.66756,13.86904,1.00000
1.84838,-12.02505,0.00000
1.16966,-7.35305,1.00000
8.37719,6.85722,1.00000
7.91618,6.68928,1.00000
1.14599,-12.77966,0.00000
-3.82160,-4.05191,1.00000
12.81730,-5.86904,0.00000
14.67513,-4.55766,0.00000
-9.60828,-0.05441,0.00000
-8.15036,-1.71476,0.00000
2.09591,-12.09658,0.00000
-14.18686,4.75192,1.00000
9.52663,-0.94651,1.00000
1.74153,6.09177,0.00000
-0.24224,-12.18942,0.00000
-7.05705,-9.17642,0.00000
-5.45018,6.72230,0.00000
15.06753,-4.23798,0.00000
-3.72768,6.06272,0.00000
9.27242,-2.56754,1.00000
6.96735,-4.55246,1.00000
-0.68970,-12.64403,0.00000
5.71365,8.09974,1.00000
12.18224,-7.34625,0.00000
9.95992,-0.10338,1.00000
6.77457,-5.92565,1.00000
-14.38202,3.42298,1.00000
-8.79997,3.21853,0.00000
-9.58534,-1.97600,0.00000
3.08522,0.52534,0.00000
-1.19271,13.17983,1.00000
1.22082,-13.88743,0.00000
-14.91089,3.62290,1.00000
7.74207,8.01481,1.00000
-10.35709,9.06812,1.00000
1.27648,-8.06016,1.00000
-14.39724,4.14642,1.00000
9.05431,-3.60200,1.00000
-10.77896,8.73697,1.00000
0.40327,5.11822,0.00000
1.64594,12.54987,1.00000
-10.41817,-0.38075,0.00000
5.05277,-6.30853,1.00000
1.41859,13.05341,1.00000
-7.17063,11.25680,1.00000
-4.15619,-10.98161,0.00000
10.88309,4.89059,1.00000
15.63991,-2.11105,0.00000
-14.81757,3.47696,1.00000
-8.56194,-8.27234,0.00000
7.63060,-12.32878,0.00000
8.51959,5.33454,1.00000
14.80194,-0.44022,0.00000
-7.48085,-8.50608,0.00000
4.93153,-13.32128,0.00000
5.60071,-6.31318,1.00000
-8.06463,-6.24176,0.00000
7.86770,8.06400,1.00000
-9.26406,-0.26887,0.00000
10.78808,-9.63697,0.00000
8.27702,8.35810,1.00000
-1.20358,11.36728,1.00000
-14.65592,0.82720,1.00000
8.78997,0.24932,1.00000
-8.69862,-6.14882,0.00000
-3.60125,-9.70989,0.00000
-9.58706,11.17752,1.00000
15.13752,-2.73290,0.00000
-4.07666,-11.26487,0.00000
15.81672,-2.30165,0.00000
-8.57583,-1.83262,0.00000
14.69906,-3.18746,0.00000
-15.08117,-0.22017,1.00000
-7.27708,5.09998,0.00000
12.78048,-7.16874,0.00000
-3.12958,-12.45476,0.00000
-9.81940,12.90175,1.00000
7.50763,-3.11743,1.00000
3.54155,-13.81576,0.00000
-0.38011,6.82643,0.00000
-0.31368,12.90487,1.00000
-7.74732,11.03364,1.00000
-10.51496,10.13323,1.00000
12.27419,-6.15872,0.00000
8.90612,7.48950,1.00000
10.04960,0.83141,1.00000
-11.62299,8.95233,1.00000
-2.98106,14.06300,1.00000
-8.50364,-6.42501,0.00000
14.39965,-3.11734,0.00000
-10.30994,10.91068,1.00000
14.53910,-5.48250,0.00000
7.20260,7.58003,1.00000
-9.07218,-2.98952,0.00000
9.01276,-10.71280,0.00000
4.23495,10.10310,1.00000
7.30146,-11.27046,0.00000
-6.99535,11.10888,1.00000
12.97253,-6.67650,0.00000
-13.42747,3.25756,1.00000
7.32612,-12.83223,0.00000
15.70777,-1.37175,0.00000
6.76500,8.50339,1.00000
10.15130,-9.36909,0.00000
9.85784,1.44470,1.00000
0.08992,-12.08464,0.00000
4.80613,-12.61126,0.00000
-0.43088,-5.49847,1.00000
-8.73562,-4.64136,0.00000
6.57830,-4.33664,1.00000
-6.96299,3.19155,0.00000
-13.72870,2.48933,1.00000
-6.65135,2.79524,0.00000
-0.54780,-12.16688,0.00000
5.94003,-13.27957,0.00000
-7.41528,11.63172,1.00000
9.52322,-1.57893,1.00000
-9.99382,-1.96716,0.00000
12.06385,-6.42512,0.00000
14.38835,-4.62281,0.00000
-8.73618,-6.91573,0.00000
5.42547,-13.13814,0.00000
8.94962,4.27657,1.00000
-2.48907,6.07871,0.00000
7.98490,6.12687,1.00000
-13.15332,7.36458,1.00000
7.81642,-11.93495,0.00000
6.94508,9.03529,1.00000
-3.81423,11.95987,1.00000
-3.51496,6.94672,0.00000
0.36723,-13.10700,0.00000
-1.95635,13.44595,1.00000
8.89484,5.09990,1.00000
-9.69547,-5.95750,0.00000
-3.17753,12.58216,1.00000
-2.99230,11.31824,1.00000
3.34670,-6.22244,1.00000
2.55656,3.39753,0.00000
8.31279,5.13997,1.00000
3.12128,11.56301,1.00000
-2.25928,-11.30652,0.00000
5.04193,-5.51724,1.00000
-12.28832,9.10230,1.00000
4.11244,1.27743,0.00000
-6.61402,11.92890,1.00000
-3.99312,13.37756,1.00000
-7.12832,2.62893,0.00000
3.57652,12.49904,1.00000
-8.01802,3.66021,0.00000
8.89618,-11.78802,0.00000
-5.92147,5.85740,0.00000
4.96293,-12.05017,0.00000
9.38782,-0.18442,1.00000
-14.71089,1.15549,1.00000
8.23773,-10.73849,0.00000
-8.89208,0.73703,0.00000
-11.37974,8.84716,1.00000
14.64232,-5.45877,0.00000
-11.64115,7.67809,1.00000
-1.07917,13.14156,1.00000
14.00746,-4.67675,0.00000
-5.19832,-9.94454,0.00000
5.62515,10.86636,1.00000
-10.30048,9.86099,1.00000
-11.55594,8.34296,1.00000
0.36258,4.77350,0.00000
14.01138,-3.00821,0.00000
-3.86916,6.42493,0.00000
12.87471,-6.29053,0.00000
-9.69367,-1.74437,0.00000
-8.30767,1.54152,0.00000
5.35716,-5.24662,1.00000
8.23779,-3.98695,1.00000
-1.59438,6.52171,0.00000
0.27079,-10.76469,0.00000
-7.78580,3.33697,0.00000
-9.71724,1.11715,0.00000
-3.55748,12.34254,1.00000
-6.66959,5.49155,0.00000
15.49376,-1.06501,0.00000
15.34416,-4.30501,0.00000
14.77634,-5.20482,0.00000
-8.66469,2.81509,0.00000
15.58525,-1.20978,0.00000
-4.83986,11.91767,1.00000
-7.87074,10.47949,1.00000
9.68427,0.59009,1.00000
-10.35968,-1.36204,0.00000
3.80888,1.73084,0.00000
9.06388,-0.75072,1.00000
9.05613,6.78732,1.00000
-14.75242,2.01681,1.00000
15.14321,-4.81108,0.00000
-6.86811,12.56534,1.00000
8.34309,-2.78491,1.00000
-11.92495,7.15015,1.00000
-0.35477,12.94045,1.00000
-0.78750,-12.43467,0.00000
-14.76210,2.91115,1.00000
8.72707,-11.49860,0.00000
0.51285,12.38283,1.00000
7.45684,-4.39520,1.00000
-15.06670,5.31545,1.00000
15.91608,-0.98936,0.00000
-15.95940,2.00229,1.00000
1.24188,5.28978,0.00000
-3.34542,-11.04072,0.00000
7.83481,5.36616,1.00000
8.22256,-3.85563,1.00000
-4.50957,11.82236,1.00000
8.85733,-11.30479,0.00000
0.45784,-12.77223,0.00000
-5.35565,4.67828,0.00000
2.94037,0.36973,0.00000
8.06665,5.06038,1.00000
0.76395,5.86638,0.00000
10.07910,3.95710,1.00000
-4.25119,-1.96085,1.00000
9.77364,6.65070,1.00000
2.96618,-13.45278,0.00000
-1.17603,12.55656,1.00000
9.36180,5.87633,1.00000
2.19072,12.87856,1.00000
0.44649,12.96789,1.00000
-3.67801,-11.45537,0.00000
6.98107,-4.44430,1.00000
-9.05052,2.16416,0.00000
16.27246,-0.65650,0.00000
-4.19179,-2.57095,1.00000
0.62991,-5.29928,1.00000
4.56021,-6.11978,1.00000
7.44313,-0.92109,1.00000
14.84376,-3.52473,0.00000
-14.73644,2.67380,1.00000
12.67438,-6.72859,0.00000
9.57871,-9.95469,0.00000
15.25681,-3.89362,0.00000
4.62017,11.61706,1.00000
-5.72322,13.09782,1.00000
1.07447,12.97153,1.00000
-9.94381,8.47783,1.00000
7.84138,4.53357,1.00000
14.96319,-5.72138,0.00000
13.64477,-6.84786,0.00000
8.53634,-2.37202,1.00000
-7.47938,-8.44885,0.00000
-4.23154,-9.81638,0.00000
-9.72615,-5.38632,0.00000
-12.92599,5.27482,1.00000
-5.68074,13.04421,1.00000
-9.74887,-4.67331,0.00000
9.24244,-0.84656,1.00000
1.40733,-12.53112,0.00000
4.63111,-6.20435,1.00000
-8.68158,2.83072,0.00000
-7.44481,4.80645,0.00000
-4.91726,6.66240,0.00000
17.12757,-0.77499,0.00000
9.39609,2.51914,1.00000
0.63094,6.50002,0.00000
11.39196,-8.32918,0.00000
-13.54781,6.43296,1.00000
-13.39431,5.98138,1.00000
1.59212,-6.54425,1.00000
7.20221,-10.66032,0.00000
-8.90943,-4.05121,0.00000
-6.09657,11.87811,1.00000
0.34307,-7.72656,1.00000
-1.76293,4.35723,0.00000
-4.20174,0.14895,1.00000
-13.77163,6.35202,1.00000
0.99206,-5.51802,1.00000
-3.08792,5.80236,0.00000
-9.45820,8.65242,1.00000
-7.15372,-9.22691,0.00000
3.00041,10.56907,1.00000
6.54284,-10.80888,0.00000
-14.38136,2.95468,1.00000
-2.53896,12.12411,1.00000
7.76073,5.57596,1.00000
-2.96052,6.58498,0.00000
-1.34229,-4.94488,1.00000
0.40830,-13.25615,0.00000
9.36806,-9.62725,0.00000
0.11461,12.54013,1.00000
1.08471,-6.25105,1.00000
-14.44319,3.94886,1.00000
-0.27685,6.48196,0.00000
3.61856,-5.23479,1.00000
8.90478,-1.22996,1.00000
-4.98173,13.16944,1.00000
-9.86248,-0.02830,0.00000
-5.15895,12.16361,1.00000
-6.96504,11.34901,1.00000
4.41735,-12.93274,0.00000
-8.87886,-5.46512,0.00000
-3.12643,6.94793,0.00000
8.52707,5.48965,1.00000
15.92170,0.95296,0.00000
-10.79379,10.32465,1.00000
-13.38179,6.57961,1.00000
-4.61965,-10.47824,0.00000
13.74820,-6.45474,0.00000
-9.37573,-4.81756,0.00000
-0.63338,-12.05920,0.00000
8.60425,4.90737,1.00000
-5.46483,11.68447,1.00000
3.51921,12.21037,1.00000
7.45815,-4.24303,1.00000
-9.68943,-6.23274,0.00000
5.44009,11.52018,1.00000
-13.18636,6.62234,1.00000
-15.38784,3.22936,1.00000
9.56818,-0.15258,1.00000
9.53771,3.66088,1.00000
-9.22378,10.11220,1.00000
-9.71857,0.16938,0.00000
-2.82520,-10.78353,0.00000
1.95893,4.36796,0.00000
15.92981,-1.56373,0.00000
-9.35414,2.14035,0.00000
-7.86129,3.09197,0.00000
-13.47736,5.65357,1.00000
-9.14819,-0.30763,0.00000
-7.97816,1.93634,0.00000
-2.50628,-4.95718,1.00000
7.80697,3.53400,1.00000
2.82203,-12.92421,0.00000
7.86311,-1.28990,1.00000
-15.12154,4.11950,1.00000
13.90523,-6.21120,0.00000
5.97789,10.33396,1.00000
-10.82868,-3.68215,0.00000
-1.83925,-12.72800,0.00000
1.53243,-12.39894,0.00000
4.76698,-4.54284,1.00000
12.74504,-7.71298,0.00000
8.02724,7.10090,1.00000
-2.59701,13.41076,1.00000
-15.57193,1.15504,1.00000
6.29330,-6.18697,1.00000
-7.96169,2.48533,0.00000
8.89190,3.67256,1.00000
14.17394,-2.14520,0.00000
-8.56047,-1.35886,0.00000
-12.11547,6.41062,1.00000
-9.99036,-1.72771,0.00000
-10.09854,-0.49109,0.00000
14.16598,-4.30801,0.00000
9.48372,-0.51823,1.00000
-9.64393,-1.22906,0.00000
-7.60446,11.18979,1.00000
-5.08149,-12.57116,0.00000
-14.96019,5.42544,1.00000
14.72878,-2.52625,0.00000
-12.82551,8.71834,1.00000
7.64454,-5.57901,1.00000
-4.12062,11.85207,1.00000
-5.79169,11.16722,1.00000
-8.40698,2.54542,0.00000
-4.65116,4.22539,0.00000
-3.82816,13.32618,1.00000
-14.95528,1.29579,1.00000
0.85552,5.35575,0.00000
-0.13049,-5.14408,1.00000
-10.00056,-1.88853,0.00000
5.45830,9.15268,1.00000
5.62937,-13.34382,0.00000
-0.60382,12.01915,1.00000
-12.27870,8.51372,1.00000
6.36711,10.56112,1.00000
-2.75986,-2.02813,1.00000
-10.17256,-3.17074,0.00000
7.60467,-2.65141,1.00000
2.42746,1.32808,0.00000
-15.13006,2.71564,1.00000
7.55006,0.76828,1.00000
-13.56002,5.21012,1.00000
-1.47789,13.06414,1.00000
8.12429,6.13993,1.00000
-5.78197,5.35146,0.00000
12.13522,-9.73370,0.00000
-8.12557,3.79104,0.00000
-9.85890,-1.55698,0.00000
-5.26341,12.75550,1.00000
-3.42968,5.43334,0.00000
-6.52230,12.08587,1.00000
12.03089,-7.24541,0.00000
8.08725,7.77682,1.00000
-14.68551,4.36900,1.00000
-0.46954,-12.36316,0.00000
13.40719,-6.86470,0.00000
-0.18425,11.72127,1.00000
6.20280,9.50844,1.00000
-15.14708,3.61511,1.00000
-13.95712,5.35085,1.00000
-13.08767,6.68813,1.00000
4.09829,-13.71315,0.00000
-1.33980,7.50714,0.00000
-9.78816,-5.40721,0.00000
6.17840,-12.65092,0.00000
9.50415,2.87621,1.00000
8.22254,-9.11278,0.00000
-15.24196,1.21905,1.00000
2.96612,-0.00528,0.00000
6.23041,-4.30769,1.00000
-7.34654,11.95160,1.00000
-7.34091,-9.38012,0.00000
1.28151,12.72905,1.00000
-14.29902,2.31434,1.00000
0.20305,13.03304,1.00000
9.57628,-3.34543,1.00000
-13.86004,2.68740,1.00000
-14.53534,2.28663,1.00000
6.06275,-12.33833,0.00000
-4.10650,-11.36567,0.00000
9.22437,-1.63684,1.00000
-4.80429,5.75874,0.00000
-2.42427,5.24426,0.00000
9.33878,0.38654,1.00000
-1.07731,6.87465,0.00000
-2.48100,7.52232,0.00000
8.97605,6.95927,1.00000
-9.39908,0.20001,0.00000
-8.12723,-7.21102,0.00000
13.16958,-4.38697,0.00000
1.75209,-12.21024,0.00000
9.20808,-1.82502,1.00000
5.92458,9.06511,1.00000
10.61925,-9.17976,0.00000
7.17132,-11.88762,0.00000
-6.55210,11.46476,1.00000
-1.52086,5.99579,0.00000
3.80534,11.54657,1.00000
4.07772,-12.65546,0.00000
-5.97445,5.65158,0.00000
6.04409,11.08856,1.00000
12.41712,-6.97391,0.00000
-2.24874,-6.30451,1.00000
8.09127,6.22791,1.00000
6.76047,-4.80310,1.00000
8.59379,6.87920,1.00000
-12.95168,5.29259,1.00000
8.18915,-1.14374,1.00000
7.15689,-4.22558,1.00000
-5.14262,12.04717,1.00000
-15.31961,1.18519,1.00000
-7.12677,12.20631,1.00000
-14.07353,2.14511,1.00000
8.15856,-1.03445,1.00000
13.47100,-7.77838,0.00000
-4.62170,4.64282,0.00000
-4.73208,4.78336,0.00000
-2.67926,6.34999,0.00000
-6.50930,4.45172,0.00000
3.78595,8.89587,1.00000
2.58323,-12.20556,0.00000
-9.14460,-1.60519,0.00000
1.39485,7.17957,0.00000
-15.43615,5.44668,1.00000
-7.51577,4.21508,0.00000
1.19779,-5.74454,1.00000
9.90481,1.93877,1.00000
-8.57056,1.45875,0.00000
8.40039,-2.75813,1.00000
6.35208,-3.54336,1.00000
6.95367,8.29421,1.00000
-9.10154,2.15294,0.00000
-8.63308,-1.20494,0.00000
0.09284,12.10828,1.00000
-9.46384,9.51720,1.00000
-4.33525,6.67825,0.00000
-0.54452,5.44699,0.00000
3.22739,1.50034,0.00000
0.08674,-6.02932,1.00000
1.91024,-13.15927,0.00000
2.07423,4.66911,0.00000
-14.84005,5.09948,1.00000
2.50002,4.72185,0.00000
15.55210,-2.91280,0.00000
-13.35650,5.74778,1.00000
-14.26557,4.64692,1.00000
5.88204,11.12276,1.00000
9.71362,2.72282,1.00000
-14.99564,4.07196,1.00000
-15.07000,0.95843,1.00000
2.96209,0.99962,0.00000
-9.32539,-3.35485,0.00000
15.59762,-1.80192,0.00000
-1.79019,-12.31812,0.00000
8.69709,-10.42465,0.00000
-3.38758,13.51450,1.00000
2.92961,11.10104,1.00000
-7.20410,11.26652,1.00000
15.75342,-1.88554,0.00000
-14.02959,4.66378,1.00000
-4.75406,-10.08147,0.00000
-9.24630,1.35468,0.00000
1.88448,-6.80095,1.00000
-9.82724,-5.93353,0.00000
-1.81516,6.67020,0.00000
0.00933,5.85875,0.00000
-15.14672,5.51767,1.00000
-1.91844,12.56556,1.00000
15.49120,-3.66998,0.00000
8.15660,5.98220,1.00000
-14.47047,3.88957,1.00000
9.71036,3.28953,1.00000
8.18713,-11.26499,0.00000
5.84012,-12.27329,0.00000
5.46998,10.49324,1.00000
0.11298,-12.67836,0.00000
4.52800,10.36344,1.00000
-14.38721,8.19891,1.00000
-6.29875,-11.46635,0.00000
4.37804,11.86454,1.00000
7.26106,9.20829,1.00000
-7.75490,-5.47689,0.00000
2.76787,10.78169,1.00000
12.07063,-8.13638,0.00000
15.14262,-1.96922,0.00000
-10.01771,8.94350,1.00000
12.25475,-8.12076,0.00000
3.00004,-5.70460,1.00000
6.09277,10.77640,1.00000
-12.74649,8.92182,1.00000
12.46185,-8.66432,0.00000
9.77180,2.55581,1.00000
12.58706,-8.00407,0.00000
-0.69488,-10.96900,0.00000
4.98530,-4.51868,1.00000
-15.66287,1.02972,1.00000
-1.45341,-5.76660,1.00000
-7.55513,-10.72667,0.00000
0.47841,-6.18781,1.00000
9.48640,3.80324,1.00000
-8.53938,10.47516,1.00000
-3.33493,12.14612,1.00000
-8.36963,-5.93562,0.00000
0.30769,6.02824,0.00000
8.99387,3.56355,1.00000
-0.59628,12.48644,1.00000
-3.24547,-10.92175,0.00000
-9.05911,-5.24743,0.00000
14.99895,-3.06667,0.00000
6.88504,-11.80854,0.00000
-5.88038,-9.58666,0.00000
-10.50610,-0.66465,0.00000
-4.07632,13.19083,1.00000
8.78894,-3.82517,1.00000
6.79771,9.45233,1.00000
15.30156,0.80996,0.00000
13.27044,-6.16270,0.00000
0.24162,-6.19372,1.00000
12.69957,-7.29144,0.00000
-7.71078,-8.14130,0.00000
10.14226,-9.85277,0.00000
2.20289,12.01599,1.00000
7.69376,-3.15956,1.00000
4.79894,-6.20608,1.00000
-12.69301,8.09940,1.00000
-10.09461,-5.76171,0.00000
-2.53431,13.16450,1.00000
-9.10971,-3.58538,0.00000
-0.38097,-12.56635,0.00000
9.26711,4.83269,1.00000
-2.09933,-10.50887,0.00000
-6.62380,-10.22443,0.00000
-5.19761,12.46788,1.00000
-14.28030,3.74869,1.00000
-0.07237,6.55366,0.00000
6.49494,-5.52738,1.00000
-10.96941,8.32840,1.00000
1.69172,-12.75417,0.00000
-13.25859,8.04450,1.00000
8.29076,4.98359,1.00000
7.38132,-12.18925,0.00000
2.33213,-11.67947,0.00000
-3.94014,-3.73360,1.00000
-6.46099,11.97406,1.00000
-7.98641,3.75535,0.00000
7.28932,-11.34516,0.00000
-7.91222,4.64568,0.00000
1.43125,12.64693,1.00000
3.51026,0.81270,0.00000
9.75633,5.64677,1.00000
-17.17550,1.39871,1.00000
-5.93874,6.12675,0.00000
-5.69444,-12.25505,0.00000
-8.58665,1.42251,0.00000
-5.33942,5.49032,0.00000
-8.68161,12.14048,1.00000
-8.46718,-7.21357,0.00000
4.52807,-11.82522,0.00000
5.60195,-5.02153,1.00000
-1.24825,-12.11103,0.00000
-1.74705,4.81683,0.00000
12.59151,-8.18698,0.00000
7.63233,7.78212,1.00000
-15.73481,1.62576,1.00000
8.55274,-1.70628,1.00000
12.65763,-5.88509,0.00000
-9.36461,11.25587,1.00000
2.67882,1.49184,0.00000
10.27338,0.32103,1.00000
-9.63332,-2.50776,0.00000
15.66750,-3.19927,0.00000
-9.21858,1.22689,0.00000
2.55893,-6.92521,1.00000
-1.08038,13.64374,1.00000
-6.36724,-11.04349,0.00000
-13.00106,5.47709,1.00000
-9.26440,9.97747,1.00000
-1.89759,6.23095,0.00000
-0.73804,-11.87248,0.00000
7.97665,-4.07320,1.00000
15.69416,0.02178,0.00000
-14.84391,5.04366,1.00000
-6.82360,-8.03933,0.00000
1.06108,12.07898,1.00000
10.65671,-10.42598,0.00000
4.51806,-6.38158,1.00000
-9.13838,-3.01341,0.00000
12.85572,-5.21361,0.00000
9.02251,2.60553,1.00000
4.50147,-12.89173,0.00000
-2.80298,-11.83102,0.00000
8.26512,-2.59770,1.00000
8.92593,-0.16865,1.00000
5.27503,9.85414,1.00000
5.27865,-12.36208,0.00000
0.33568,6.31822,0.00000
-6.18472,-9.66145,0.00000
-9.03558,-1.28806,0.00000
-12.16964,5.99055,1.00000
-9.37450,-5.20248,0.00000
-8.95392,10.87105,1.00000
6.70537,10.80421,1.00000
15.84100,0.48070,0.00000
-3.16302,-11.45337,0.00000
-8.89765,1.24890,0.00000
-1.39265,5.80890,0.00000
-6.44925,5.40580,0.00000
-8.42590,10.38145,1.00000
-1.87844,12.90797,1.00000
-9.93216,-2.02421,0.00000
-15.02118,0.02687,1.00000
0.06694,12.60515,1.00000
14.63608,-5.16409,0.00000
11.30575,-6.47702,0.00000
-6.44141,-9.55753,0.00000
-9.19683,-4.42716,0.00000
5.51257,-12.08592,0.00000
-4.99589,4.23064,0.00000
8.37081,-1.97013,1.00000
-8.97218,-5.88974,0.00000
-14.47753,4.42550,1.00000
13.06133,-8.55079,0.00000
5.27023,10.48082,1.00000
3.86865,-13.94088,0.00000
-3.27455,7.26942,0.00000
2.45557,-12.05827,0.00000
-3.78927,6.14651,0.00000
5.46824,-4.82000,1.00000
10.11495,-11.52734,0.00000
-2.79038,6.15125,0.00000
0.70341,-6.79033,1.00000
-7.67089,12.39887,1.00000
-14.31480,6.08924,1.00000
-6.17105,11.66410,1.00000
15.30074,-1.88108,0.00000
-2.39447,-11.10847,0.00000
-15.26557,4.10001,1.00000
-8.24214,1.27605,0.00000
11.77150,-9.50482,0.00000
10.48766,1.03883,1.00000
-7.65348,10.78985,1.00000
-13.73197,6.07953,1.00000
10.27738,4.09534,1.00000
-7.90774,3.27573,0.00000
5.65050,-12.96845,0.00000
14.03587,-5.63698,0.00000
0.79862,11.49725,1.00000
-10.01552,11.35387,1.00000
6.53838,10.41825,1.00000
2.64775,-13.55275,0.00000
-13.60048,5.14316,1.00000
5.25306,1.19569,0.00000
3.52937,10.65616,1.00000
-8.78133,-5.83107,0.00000
0.82998,-12.59184,0.00000
-7.43691,11.17021,1.00000
-13.13512,6.61907,1.00000
10.20823,-9.37327,0.00000
-6.24058,-7.67926,0.00000
8.96288,0.23136,1.00000
-2.47610,12.71038,1.00000
-11.15362,10.21856,1.00000
-16.94058,-0.43943,1.00000
6.06541,11.17761,1.00000
5.38029,8.12201,1.00000
16.66626,-1.88125,0.00000
-8.05665,10.57112,1.00000
-14.34922,6.00464,1.00000
-9.78430,-4.53247,0.00000
0.01899,-11.95365,0.00000
-0.01884,-12.20037,0.00000
5.46521,-5.25188,1.00000
15.08387,-5.50264,0.00000
8.03379,-11.25866,0.00000
-16.68445,0.32544,1.00000
-9.91455,-2.36096,0.00000
13.16502,-5.12683,0.00000
8.97711,-10.66995,0.00000
5.49217,-11.88017,0.00000
1.33157,-7.44675,1.00000
-13.26656,5.70017,1.00000
-8.41683,-7.54263,0.00000
-5.03759,-10.94806,0.00000
1.55183,-13.05804,0.00000
-7.60962,3.48709,0.00000
-8.25427,4.18402,0.00000
-1.09864,4.94091,0.00000
11.59293,-8.13202,0.00000
7.38799,-4.96903,1.00000
0.76390,7.28341,0.00000
-9.24668,0.56375,0.00000
0.35456,-7.26924,1.00000
-10.36782,8.70427,1.00000
6.45233,9.43663,1.00000
7.36051,6.99453,1.00000
-14.19666,4.75758,1.00000
9.79092,-9.77068,0.00000
-14.00656,5.10283,1.00000
-14.27164,5.21397,1.00000
8.47769,-9.86663,0.00000
-1.56145,-12.09462,0.00000
-0.61400,13.64960,1.00000
-8.56814,10.81262,1.00000
6.06608,-5.29616,1.00000
0.20189,12.59994,1.00000
-4.04181,-10.83888,0.00000
3.14753,-13.24972,0.00000
7.14381,-10.94723,0.00000
-8.71069,-3.41785,0.00000
6.51229,-3.48156,1.00000
9.04380,-1.57643,1.00000
-10.00580,-5.73038,0.00000
-7.50233,1.63577,0.00000
-10.41384,-4.72430,0.00000
-2.88867,-12.52886,0.00000
-9.15056,0.61484,0.00000
12.81147,-7.48280,0.00000
16.04696,-0.47217,0.00000
-5.13684,4.93783,0.00000
9.35303,2.95445,1.00000
9.72476,1.84958,1.00000
-3.19214,-4.06636,1.00000
4.97144,8.85298,1.00000
-6.67941,-8.39444,0.00000
-4.11346,-10.26152,0.00000
9.26777,-1.82813,1.00000
3.16075,-7.44319,1.00000
10.56662,-9.37947,0.00000
10.50138,-9.74772,0.00000
7.99172,-11.45274,0.00000
14.66966,-3.66210,0.00000
-8.77237,11.51917,1.00000
0.78656,-13.14637,0.00000
4.24955,-4.65007,1.00000
-5.58950,6.47116,0.00000
0.94174,-11.07819,0.00000
14.11939,-6.55340,0.00000
16.01173,-0.52941,0.00000
-8.95808,10.57293,1.00000
8.75619,-11.24370,0.00000
-11.32156,9.46149,1.00000
-12.51112,7.38149,1.00000
-3.23019,12.32045,1.00000
13.96062,-5.34572,0.00000
-6.02631,-9.05414,0.00000
-9.75220,-2.50262,0.00000
-8.56739,-8.69505,0.00000
-2.97413,-11.49308,0.00000
-3.99418,6.71262,0.00000
1.59322,-12.46166,0.00000
-2.44832,-11.55217,0.00000
-13.87373,3.45254,1.00000
-14.58577,2.35487,1.00000
-3.10907,-11.38099,0.00000
-7.77531,4.71203,0.00000
-1.67836,12.84274,1.00000
-15.41357,2.44806,1.00000
11.46060,-10.21414,0.00000
-0.68485,12.77277,1.00000
8.88538,5.33453,1.00000
0.48621,12.16646,1.00000
9.24090,-0.23402,1.00000
9.98547,3.55905,1.00000
8.57183,5.32301,1.00000
-7.92990,-8.36755,0.00000
7.36313,-4.96534,1.00000
7.55833,-3.33138,1.00000
-0.16168,-6.25674,1.00000
4.95745,-13.26002,0.00000
-2.68089,-11.13078,0.00000
9.10240,-3.75170,1.00000
2.55274,-7.31292,1.00000
14.65883,-2.41522,0.00000
13.86009,-5.80519,0.00000
0.44509,5.63706,0.00000
-1.45819,-12.14659,0.00000
14.44135,-3.04423,0.00000
7.24227,8.61292,1.00000
-6.30242,-10.72725,0.00000
6.88439,8.58031,1.00000
6.82451,-12.00331,0.00000
4.28685,-5.49864,1.00000
-2.77538,-1.16527,1.00000
4.61962,-6.36956,1.00000
9.50516,-0.11731,1.00000
-9.02379,-5.12555,0.00000
-8.58861,2.07576,0.00000
-7.35273,4.74459,0.00000
-6.71748,-6.32790,0.00000
4.72148,10.39754,1.00000
-15.77760,1.69199,1.00000
-15.58389,0.45105,1.00000
-2.52489,5.65133,0.00000
2.58432,12.06187,1.00000
-14.69613,2.78331,1.00000
-8.87492,-0.40218,0.00000
-13.68291,4.47811,1.00000
14.22318,-6.29533,0.00000
-3.58115,-10.38357,0.00000
-9.37533,-4.65048,0.00000
-6.42105,4.31345,0.00000
-3.25599,-11.91853,0.00000
0.78298,13.29275,1.00000
-13.59251,6.80376,1.00000
13.76420,-4.93949,0.00000
-8.28347,3.53657,0.00000
-4.24588,11.76435,1.00000
-6.32742,12.87466,1.00000
-6.03883,4.52338,0.00000
-15.02391,1.94802,1.00000
-9.00749,-2.94830,0.00000
-9.64020,-3.27714,0.00000
3.64086,-12.31101,0.00000
3.96826,-7.90097,1.00000
7.52197,7.32849,1.00000
8.17694,-1.70994,1.00000
4.78840,11.58271,1.00000
-4.46398,5.57168,0.00000
15.26113,-2.23705,0.00000
11.10001,-7.78459,0.00000
-11.06908,-1.87708,0.00000
8.75129,4.83353,1.00000
0.31611,-13.29999,0.00000
1.54815,12.58574,1.00000
13.98422,-5.88783,0.00000
-0.03523,5.35146,0.00000
13.61443,-5.39399,0.00000
9.24112,-10.21155,0.00000
-4.46158,-10.79026,0.00000
5.55752,-6.37151,1.00000
1.80955,11.01951,1.00000
-1.25894,5.02127,0.00000
-7.79040,11.25157,1.00000
-6.38543,5.17929,0.00000
15.29049,-4.80618,0.00000
-12.80121,8.52991,1.00000
-1.04462,13.46046,1.00000
-11.97830,9.55096,1.00000
12.85572,-5.98602,0.00000
10.11250,2.18193,1.00000
7.06656,-5.23422,1.00000
-16.24741,4.75417,1.00000
-8.28682,2.92638,0.00000
2.63004,12.18635,1.00000
8.09338,-3.99695,1.00000
5.76228,-6.07322,1.00000
-8.22377,-8.51626,0.00000
-5.31490,-0.96787,1.00000
6.63614,-11.31371,0.00000
-0.66949,5.83903,0.00000
-4.72533,-10.31662,0.00000
8.92500,-11.05396,0.00000
14.88657,-0.98063,0.00000
-1.82074,12.63005,1.00000
-15.06237,5.36767,1.00000
-16.28033,-0.04045,1.00000
15.69960,-1.10501,0.00000
-5.02344,5.65470,0.00000
0.85379,-6.41971,1.00000
-1.44832,-5.82917,1.00000
7.04309,-5.09910,1.00000
14.95439,-2.75255,0.00000
-1.39418,13.09636,1.00000
11.36630,-9.02896,0.00000
3.89766,11.00542,1.00000
8.94290,-0.11177,1.00000
-8.54104,2.19006,0.00000
4.21402,11.57976,1.00000
1.06545,-12.21624,0.00000
2.97347,-6.71199,1.00000
11.61215,-8.71083,0.00000
3.69583,11.22959,1.00000
14.37312,0.26183,0.00000
-0.64341,12.73407,1.00000
-6.80636,5.42785,0.00000
-6.10061,-9.22857,0.00000
10.61039,-9.92163,0.00000
2.62912,-13.04111,0.00000
5.79584,-5.05951,1.00000
-15.65918,4.52190,1.00000
-5.30095,-10.07611,0.00000
7.38235,-12.08105,0.00000
6.98759,-11.58876,0.00000
-0.83283,12.32354,1.00000
-15.38758,1.39860,1.00000
7.02748,-4.17142,1.00000
2.36017,3.35627,0.00000
-5.74008,-10.11825,0.00000
-9.92037,11.19046,1.00000
10.13372,3.80006,1.00000
1.31147,14.15143,1.00000
-7.99174,-6.94310,0.00000
-3.90885,-11.15289,0.00000
5.06620,-12.04747,0.00000
-13.95778,3.47739,1.00000
4.22329,2.27886,0.00000
-5.68981,4.55555,0.00000
-12.85017,7.40967,1.00000
-13.23342,7.24134,1.00000
-12.70013,6.50714,1.00000
-8.32071,11.33641,1.00000
-8.37615,-1.15262,0.00000
9.21429,1.19695,1.00000
-9.57392,-0.76349,0.00000
9.69429,2.53602,1.00000
-8.72347,-5.70407,0.00000
-6.05910,11.65628,1.00000
5.20793,-6.20188,1.00000
-9.87287,10.44631,1.00000
3.30095,4.49084,0.00000
-3.56931,-11.53225,0.00000
13.52157,-3.26876,0.00000
-3.54490,12.89955,1.00000
5.70746,-11.50210,0.00000
-8.41286,-6.67221,0.00000
4.78170,10.75422,1.00000
-8.21257,1.46081,0.00000
-7.00581,4.95868,0.00000
8.09090,-11.92069,0.00000
15.17805,-0.11354,0.00000
12.60979,-6.44656,0.00000
14.76551,-4.97495,0.00000
-10.00591,9.96587,1.00000
-4.71894,12.17648,1.00000
6.52870,-11.48450,0.00000
-7.74973,12.48576,1.00000
0.21327,12.78731,1.00000
3.18769,10.75766,1.00000
7.93414,4.29004,1.00000
-3.33238,-4.09136,1.00000
-3.98506,10.99329,1.00000
-7.86085,3.22786,0.00000
-10.15639,9.44072,1.00000
1.27261,-7.42310,1.00000
16.24250,-1.50288,0.00000
-0.56948,6.20967,0.00000
-4.34513,-10.94958,0.00000
-2.17363,13.56630,1.00000
-9.98171,10.07932,1.00000
1.35097,-12.65125,0.00000
16.04247,-2.28055,0.00000
-4.25204,11.41282,1.00000
9.30463,1.62781,1.00000
1.69097,-13.12572,0.00000
8.76630,-11.52654,0.00000
-1.84815,7.06734,0.00000
1.72060,-13.38552,0.00000
-0.86107,5.72112,0.00000
-2.51880,-0.56093,1.00000
6.52738,10.37582,1.00000
-14.79827,1.79930,1.00000
-15.63335,3.43531,1.00000
15.96430,-4.21371,0.00000
2.69019,12.36127,1.00000
-9.69104,-4.52902,0.00000
-2.73767,6.23918,0.00000
1.13317,-5.87734,1.00000
-9.82616,9.81320,1.00000
2.52518,11.25731,1.00000
-6.64424,6.10328,0.00000
-15.18910,2.46128,1.00000
7.54246,-4.39594,1.00000
-1.44716,-4.93862,1.00000
-7.37836,10.93699,1.00000
-5.86754,5.91778,0.00000
5.36121,10.20986,1.00000
-1.75579,13.22392,1.00000
-10.03734,-1.84982,0.00000
-0.96092,-5.65630,1.00000
-15.09651,3.16290,1.00000
8.81519,5.52415,1.00000
4.95901,-5.39811,1.00000
-15.63974,1.94845,1.00000
-4.49451,6.41398,0.00000
7.23339,-3.69169,1.00000
-9.98099,9.32851,1.00000
-9.61293,3.39528,0.00000
-8.90701,-5.42331,0.00000
11.07370,-9.94141,0.00000
7.28004,-3.92248,1.00000
-1.40859,11.86145,1.00000
0.30630,12.92375,1.00000
5.88574,10.24764,1.00000
5.02648,-12.40666,0.00000
10.08676,-10.46311,0.00000
0.93979,-7.03244,1.00000
-4.98961,4.53330,0.00000
3.42222,-5.93375,1.00000
-11.84045,8.68888,1.00000
0.88419,-11.49393,0.00000
-14.31651,2.14067,1.00000
2.85525,-0.10572,0.00000
-4.01813,-11.38528,0.00000
-5.20007,-9.21599,0.00000
13.35024,-5.20061,0.00000
12.78949,-5.21760,0.00000
-14.90628,0.53478,1.00000
-9.74551,-0.43967,0.00000
-13.41715,6.28905,1.00000
8.35613,7.16415,1.00000
11.09646,-10.25202,0.00000
1.20528,12.25610,1.00000
7.84217,-12.13989,0.00000
6.25699,8.51032,1.00000
2.80327,-6.26143,1.00000
8.48624,6.05410,1.00000
-6.30925,4.84120,0.00000
-15.90529,1.27849,1.00000
-8.16873,2.82306,0.00000
9.27795,-10.19140,0.00000
-0.09506,13.19176,1.00000
6.78051,-11.76899,0.00000
14.80631,-3.56319,0.00000
1.17560,4.51322,0.00000
-12.76742,5.69263,1.00000
-4.50266,-11.16186,0.00000
-9.96644,-2.99959,0.00000
9.52594,-0.66219,1.00000
-8.42029,-6.25504,0.00000
9.61142,-9.38522,0.00000
-13.26330,7.47000,1.00000
1.88309,11.12885,1.00000
3.76470,-12.49828,0.00000
-7.00691,-9.98184,0.00000
4.26545,10.24292,1.00000
-13.98640,6.87871,1.00000
2.02040,-12.60506,0.00000
12.73186,-8.61225,0.00000
-4.69926,13.23070,1.00000
7.88352,4.93508,1.00000
2.00553,10.72144,1.00000
13.37609,-6.05374,0.00000
-1.81098,12.83032,1.00000
-1.37464,-11.23028,0.00000
1.08707,5.85585,0.00000
17.17596,-3.74033,0.00000
-7.64311,3.35376,0.00000
10.65036,2.03463,1.00000
-5.48966,13.79661,1.00000
-10.36453,9.46924,1.00000
3.04856,-5.60837,1.00000
4.37752,11.37406,1.00000
4.02493,3.19423,0.00000
-0.32133,-14.34837,0.00000
-15.32781,0.99651,1.00000
-7.46702,-6.44561,0.00000
-15.24852,-0.50781,1.00000
-5.87463,4.40555,0.00000
-10.75573,9.92314,1.00000
-13.06484,6.72096,1.00000
-9.81981,0.88671,0.00000
13.69873,-5.39587,0.00000
-10.77312,8.75955,1.00000
-1.15596,12.78534,1.00000
-9.21426,1.71623,0.00000
2.20418,4.21055,0.00000
15.55998,-2.99643,0.00000
-8.66487,-4.59500,0.00000
-2.43700,-3.30115,1.00000
3.95383,11.33276,1.00000
-2.64463,-11.92273,0.00000
-9.52141,-7.07457,0.00000
11.87915,-7.45973,0.00000
-0.45885,13.02647,1.00000
8.06937,-3.69898,1.00000
-13.46425,7.55064,1.00000
-8.43719,-3.69231,0.00000
-6.00023,-9.93276,0.00000
-15.50378,4.56902,1.00000
-9.10140,-4.30082,0.00000
14.89726,-3.53273,0.00000
1.45138,11.99242,1.00000
-3.62889,-10.09479,0.00000
-0.68110,6.13857,0.00000
-8.66339,11.85287,1.00000
14.52530,-2.57747,0.00000
-10.56829,-5.39327,0.00000
-10.33439,9.24176,1.00000
3.50894,11.90256,1.00000
4.77240,-13.46356,0.00000
2.53981,-6.08877,1.00000
-8.03486,-1.22335,0.00000
13.62873,-7.22700,0.00000
0.65810,-7.96439,1.00000
-1.14290,-13.88848,0.00000
-16.14927,2.06759,1.00000
-0.51588,-12.49422,0.00000
8.25694,8.02691,1.00000
2.59787,2.75870,0.00000
10.91884,-10.99610,0.00000
-13.62202,3.74363,1.00000
-8.04160,11.50262,1.00000
-3.48941,5.33458,0.00000
-7.03968,11.75279,1.00000
-15.27364,4.26745,1.00000
-13.52204,6.27827,1.00000
-7.47358,-8.33602,0.00000
1.47420,-7.12194,1.00000
0.00345,-6.23475,1.00000
-1.51814,-11.09216,0.00000
12.41442,-7.65452,0.00000
-11.91817,6.67646,1.00000
8.73233,2.03424,1.00000
15.59662,-0.52752,0.00000
-8.64633,2.50796,0.00000
-2.55591,-12.22793,0.00000
-16.05526,0.56079,1.00000
-9.35318,1.11394,0.00000
1.89020,-13.27718,0.00000
-1.28306,-12.12387,0.00000
8.08114,-11.75865,0.00000
-7.76548,-7.18136,0.00000
-0.42054,-12.84721,0.00000
3.13718,-12.98661,0.00000
10.20889,1.79816,1.00000
-14.39475,6.15192,1.00000
-3.43029,5.62754,0.00000
-3.41655,5.88070,0.00000
-9.24672,-2.65898,0.00000
-10.05510,1.97611,0.00000
0.42483,-13.03810,0.00000
7.19653,-11.38991,0.00000
-13.08050,3.34688,1.00000
-6.97055,11.51104,1.00000
5.64080,-13.00232,0.00000
-0.03200,-12.68371,0.00000
-12.51774,7.28502,1.00000
-8.87621,-7.08388,0.00000
-7.05036,-7.52174,0.00000
-16.66279,1.83042,1.00000
-12.39651,6.69165,1.00000
2.92934,10.85255,1.00000
5.87595,-12.24962,0.00000
1.88017,6.91401,0.00000
14.03227,-3.82672,0.00000
-3.85658,13.40371,1.00000
3.22238,2.79658,0.00000
-7.47670,12.28756,1.00000
-8.26453,-6.50166,0.00000
-10.87706,-1.93451,0.00000
16.55598,-0.72191,0.00000
-3.82270,7.40048,0.00000
-3.53917,-12.40094,0.00000
5.87056,10.43564,1.00000
12.22586,-6.82720,0.00000
9.90450,0.19457,1.00000
3.41323,-7.12235,1.00000
-3.86189,5.32898,0.00000
-15.90280,4.13385,1.00000
4.22452,-5.91621,1.00000
15.23223,-1.81034,0.00000
3.20327,2.79483,0.00000
-4.37390,5.57232,0.00000
-1.36541,-12.78230,0.00000
1.27590,-12.12365,0.00000
9.08065,7.75275,1.00000
14.88167,-1.75337,0.00000
7.48127,-3.63372,1.00000
-3.43303,6.28506,0.00000
-3.22614,-3.29703,1.00000
6.55846,9.13648,1.00000
-14.09555,2.30885,1.00000
3.39486,4.09352,0.00000
14.54381,-6.60072,0.00000
-10.17229,-3.35747,0.00000
-7.48589,3.37672,0.00000
7.73514,-11.65746,0.00000
-0.61751,-12.11516,0.00000
-9.67487,-3.39855,0.00000
-9.49285,1.43181,0.00000
-9.27339,-5.43544,0.00000
3.80499,-6.93591,1.00000
-0.42609,-11.80995,0.00000
13.55005,-5.17012,0.00000
10.22772,0.60116,1.00000
8.93652,4.03630,1.00000
-12.19617,7.29317,1.00000
-4.41571,11.80723,1.00000
8.83743,-1.58795,1.00000
7.02396,9.12784,1.00000
2.33924,11.85751,1.00000
15.77657,0.40460,0.00000
-4.32821,-12.85269,0.00000
6.47864,-12.71669,0.00000
15.52597,0.53349,0.00000
5.97172,10.73991,1.00000
8.62254,4.15484,1.00000
-7.60937,-7.65026,0.00000
-9.17008,-3.83525,0.00000
4.97479,10.21275,1.00000
-4.27182,-11.90328,0.00000
2.21336,12.25156,1.00000
-10.29804,-5.04013,0.00000
-7.17604,4.99652,0.00000
1.89770,11.02329,1.00000
-13.61478,5.43083,1.00000
-5.97048,5.96313,0.00000
14.78879,0.16224,0.00000
14.80774,-1.97541,0.00000
11.42471,-8.14334,0.00000
15.91867,-1.16051,0.00000
7.96367,-3.15225,1.00000
-8.28689,3.16036,0.00000
0.17360,-6.79071,1.00000
-5.39553,11.40006,1.00000
7.82183,7.55121,1.00000
-3.50583,-3.18246,1.00000
10.22054,3.30915,1.00000
9.64580,1.97447,1.00000
0.32564,12.29972,1.00000
5.65567,-3.57652,1.00000
2.48893,4.47426,0.00000
13.62853,-7.09732,0.00000
9.02105,-11.57502,0.00000
-2.55528,-12.04511,0.00000
16.15360,-1.69727,0.00000
15.35693,-3.79438,0.00000
-9.92120,9.82612,1.00000
6.57266,10.53413,1.00000
3.00706,-5.24079,1.00000
-14.61439,0.32823,1.00000
-1.99234,-5.51674,1.00000
6.49202,-3.25757,1.00000
14.97865,-3.63207,0.00000
9.66942,4.57897,1.00000
-1.14202,13.54441,1.00000
-11.15668,8.92819,1.00000
-2.80680,7.48671,0.00000
-3.00128,12.58562,1.00000
5.07047,-6.39309,1.00000
9.54420,-0.64618,1.00000
-1.87968,6.99202,0.00000
-9.75925,10.53871,1.00000
2.22982,11.55373,1.00000
-3.36245,-11.88568,0.00000
11.03204,-1.09685,1.00000
-16.06264,2.22941,1.00000
6.57492,-4.40679,1.00000
4.01895,10.81344,1.00000
-7.98369,-9.11236,0.00000
-9.74246,9.74792,1.00000
8.50777,-2.06065,1.00000
8.19764,2.89784,1.00000
7.55545,-1.67175,1.00000
0.51439,6.71820,0.00000
-6.44991,3.48562,0.00000
-7.61938,10.84349,1.00000
-15.31133,1.83684,1.00000
-8.52953,-4.87540,0.00000
-11.08266,8.70919,1.00000
-14.56463,5.12832,1.00000
-5.73410,-9.56764,0.00000
11.73221,-9.06276,0.00000
-13.91023,4.97873,1.00000
12.78497,-6.92403,0.00000
6.84689,-12.56586,0.00000
-1.67190,-4.17105,1.00000
-8.22541,1.68539,0.00000
-14.30439,2.74255,1.00000
-10.00651,-5.77853,0.00000
11.34875,-7.61975,0.00000
-14.99541,3.02925,1.00000
2.96187,10.56726,1.00000
-5.69395,12.16032,1.00000
9.87670,-0.65252,1.00000
3.61926,-6.34678,1.00000
0.73074,12.72562,1.00000
-8.52484,2.99587,0.00000
14.88923,-2.23844,0.00000
1.67645,-12.39787,0.00000
12.98163,-6.92145,0.00000
1.95776,-12.65238,0.00000
1.74315,12.25454,1.00000
-3.38676,-11.01281,0.00000
5.35982,-5.85213,1.00000
9.97668,1.53542,1.00000
7.52194,-10.91660,0.00000
-1.19790,-5.51069,1.00000
-6.43650,3.07055,0.00000
2.77334,-6.39002,1.00000
17.17520,0.16381,0.00000
2.30316,10.83262,1.00000
13.12374,-8.79402,0.00000
-0.68924,12.71026,1.00000
-1.22204,-12.69460,0.00000
-6.49990,-9.01072,0.00000
7.36468,-10.79588,0.00000
-0.34618,12.65381,1.00000
12.09245,-8.93782,0.00000
10.17746,1.27312,1.00000
-9.20439,11.99121,1.00000
0.56082,-11.88780,0.00000
-5.63595,4.76730,0.00000
-7.17383,-8.53017,0.00000
-9.74616,-1.32633,0.00000
-0.17401,-10.89132,0.00000
6.90503,-4.07586,1.00000
7.08324,8.64278,1.00000
10.02390,-2.81634,1.00000
-4.73612,-9.39135,0.00000
-7.44875,11.38716,1.00000
-14.76393,5.50504,1.00000
6.44010,9.16128,1.00000
16.24171,-4.95132,0.00000
3.76951,4.75831,0.00000
9.40957,-11.50584,0.00000
7.77312,9.58311,1.00000
6.80922,10.66369,1.00000
14.28410,-7.60352,0.00000
8.88114,8.09020,1.00000
-5.37130,5.93606,0.00000
-8.74938,9.62732,1.00000
-13.64018,2.42785,1.00000
-2.65253,-11.73722,0.00000
12.06913,-8.54725,0.00000
3.40544,-5.47602,1.00000
8.52426,-2.57566,1.00000
9.81197,-10.17718,0.00000
-9.51467,-2.58650,0.00000
-9.97233,2.15472,0.00000
1.55330,11.50109,1.00000
-8.98435,2.37368,0.00000
-8.88132,1.98730,0.00000
-5.53951,7.13143,0.00000
12.65293,-10.11914,0.00000
1.24804,-11.98601,0.00000
3.72752,-11.38779,0.00000
-16.40785,1.11555,1.00000
8.03065,7.25560,1.00000
9.41672,-0.93922,1.00000
-9.30338,-5.22392,0.00000
9.49155,-11.04324,0.00000
14.54706,-5.92387,0.00000
7.05930,8.64710,1.00000
9.14806,-1.20573,1.00000
5.38510,-11.41178,0.00000
15.21495,-4.33693,0.00000
2.58140,-13.53229,0.00000
-15.26010,2.24259,1.00000
2.30066,13.15051,1.00000
-2.66102,12.23396,1.00000
-8.71551,11.43193,1.00000
-8.86377,10.77605,1.00000
-16.71050,2.08612,1.00000
1.70969,-12.12443,0.00000
14.04769,-3.60909,0.00000
-3.04331,6.19345,0.00000
3.01013,-6.68983,1.00000
-12.60150,7.57315,1.00000
-8.05230,2.97778,0.00000
6.54412,-4.38066,1.00000
7.83175,-11.07170,0.00000
-12.74344,8.19078,1.00000
8.19774,4.89722,1.00000
-12.46964,7.25622,1.00000
-5.60990,-9.43458,0.00000
15.48140,-4.62019,0.00000
-3.06656,6.86892,0.00000
6.49629,-4.75305,1.00000
4.34361,11.46068,1.00000
-14.29927,6.05070,1.00000
-7.43736,-8.35318,0.00000
-8.77448,2.96262,0.00000
1.55606,-13.44831,0.00000
0.41443,11.93650,1.00000
7.69459,5.91007,1.00000
-0.63787,-10.72251,0.00000
15.44981,-3.86620,0.00000
2.46902,-7.42132,1.00000
-1.31618,12.16341,1.00000
-8.08224,-8.01549,0.00000
8.11089,8.17789,1.00000
8.62025,7.61309,1.00000
9.13524,4.96906,1.00000
-10.40584,0.02645,0.00000
2.21680,12.07556,1.00000
1.34620,-13.14857,0.00000
1.28750,5.69128,0.00000
-5.39780,4.37221,0.00000
5.96776,8.82679,1.00000
-1.37396,5.65220,0.00000
7.90469,-3.54976,1.00000
8.80883,2.23528,1.00000
7.79108,-11.77107,0.00000
9.49673,-10.17068,0.00000
7.60593,-11.91731,0.00000
-1.49391,-12.69976,0.00000
-10.05314,-1.65379,0.00000
-9.45520,0.42263,0.00000
6.05809,9.70741,1.00000
-3.74090,0.29978,1.00000
6.26535,-11.62014,0.00000
4.78564,9.41228,1.00000
4.95385,11.39998,1.00000
-6.61831,-8.08618,0.00000
-2.51631,-4.50061,1.00000
1.93261,-7.39271,1.00000
3.44477,12.57512,1.00000
-0.84774,12.58855,1.00000
-0.81945,-12.91646,0.00000
-9.09229,-7.08172,0.00000
-14.89384,0.63914,1.00000
-13.98689,4.22016,1.00000
9.56451,-1.74082,1.00000
-8.88035,10.50609,1.00000
-1.03301,-12.52935,0.00000
14.46260,-2.12181,0.00000
16.09200,-2.96444,0.00000
-9.84085,-4.95101,0.00000
0.82593,12.78263,1.00000
-0.75363,7.30222,0.00000
9.39475,0.89612,1.00000
-7.83015,-0.05840,0.00000
-0.38515,12.44735,1.00000
-8.03941,-9.72546,0.00000
-8.07417,3.61227,0.00000
-12.50359,7.90225,1.00000
-9.89000,1.72137,0.00000
12.34699,-7.52674,0.00000
6.20926,-12.09547,0.00000
7.41857,-3.06483,1.00000
12.18937,-7.21483,0.00000
6.65592,8.46604,1.00000
-8.56987,-6.08248,0.00000
0.99776,-12.70258,0.00000
0.23733,13.27216,1.00000
8.48488,5.77403,1.00000
5.59786,9.13950,1.00000
13.37774,-9.22361,0.00000
8.00444,-10.17740,0.00000
8.35993,-0.12575,1.00000
-14.26952,3.94525,1.00000
-13.80584,5.36353,1.00000
-7.14954,-7.17787,0.00000
4.42998,9.89560,1.00000
1.88881,-13.33428,0.00000
10.53160,1.65712,1.00000
9.76795,0.60207,1.00000
4.43278,-4.98613,1.00000
1.89299,5.28410,0.00000
6.56889,-5.79389,1.00000
14.88552,-6.18267,0.00000
2.71278,-14.05047,0.00000
9.26133,0.28399,1.00000
8.45566,1.90763,1.00000
-6.47428,4.74549,0.00000
-5.61171,-9.90260,0.00000
8.55021,-10.47913,0.00000
8.76822,-3.81628,1.00000
-4.39671,-11.28676,0.00000
-6.42753,12.15063,1.00000
-9.50643,9.00165,1.00000
-9.29392,-3.27548,0.00000
-3.22173,13.07982,1.00000
14.23923,-5.52349,0.00000
-11.48257,8.22257,1.00000
5.02446,-5.28199,1.00000
8.16552,-2.98874,1.00000
1.16978,-13.52913,0.00000
-0.62096,-5.22747,1.00000
3.04404,-6.43960,1.00000
10.06357,0.40542,1.00000
12.68479,-9.58143,0.00000
0.02540,-13.48439,0.00000
9.91260,0.02994,1.00000
0.76698,-7.49466,1.00000
8.48117,-2.25598,1.00000
8.95881,3.84277,1.00000
-11.15470,9.75622,1.00000
-0.56506,12.01215,1.00000
5.77391,11.53213,1.00000
5.53343,-5.78060,1.00000
1.06407,-13.01167,0.00000
15.65849,-3.71249,0.00000
-5.34455,6.12525,0.00000
-12.82428,6.42120,1.00000
-15.89822,1.17226,1.00000
-6.14783,12.50618,1.00000
-3.28107,-11.56950,0.00000
-4.93101,6.11405,0.00000
-8.02884,2.42468,0.00000
-1.26228,-12.39681,0.00000
-7.62231,-6.28320,0.00000
7.06303,9.22559,1.00000
-9.07638,-5.75680,0.00000
9.11659,0.93069,1.00000
9.82194,-10.29302,0.00000
5.22536,-4.97927,1.00000
-5.06768,5.55078,0.00000
-1.76918,-4.09199,1.00000
14.81352,-2.25020,0.00000
2.20744,4.23673,0.00000
4.84351,-5.26476,1.00000
10.31076,-11.10860,0.00000
7.75088,-3.64543,1.00000
-2.70716,6.80879,0.00000
-10.95038,9.07154,1.00000
-6.11678,11.25410,1.00000
-15.84605,1.18559,1.00000
-8.88957,-4.41561,0.00000
9.33968,1.19897,1.00000
0.91468,-12.64951,0.00000
5.43326,-12.37984,0.00000
-3.09325,12.15756,1.00000
-14.51465,2.31740,1.00000
9.04082,5.81838,1.00000
-3.12859,6.18810,0.00000
13.70558,-5.52343,0.00000
2.86141,-11.50913,0.00000
-6.92977,11.20901,1.00000
0.33090,11.01759,1.00000
-6.34810,12.02050,1.00000
10.66945,-9.60222,0.00000
-0.24873,12.28921,1.00000
2.86553,2.44593,0.00000
-4.49780,6.08889,0.00000
15.31653,-3.82564,0.00000
-16.07458,2.81707,1.00000
7.71489,-10.59886,0.00000
-5.17684,4.65818,0.00000
-13.65603,5.01651,1.00000
7.62869,8.51824,1.00000
-12.75241,8.69020,1.00000
-16.33672,2.38794,1.00000
5.64473,-11.90888,0.00000
7.60177,6.95574,1.00000
-1.57851,5.95293,0.00000
9.32679,-0.72422,1.00000
3.86658,4.11862,0.00000
-8.52199,10.19772,1.00000
-9.51196,9.64897,1.00000
3.13885,-12.37229,0.00000
-8.55979,1.52897,0.00000
-0.12452,4.55307,0.00000
9.39195,-2.27847,1.00000
-2.55985,-10.74455,0.00000
-5.26608,-9.33117,0.00000
8.69103,4.23313,1.00000
-1.33758,12.44967,1.00000
-2.21459,-1.56730,1.00000
7.00721,-4.63829,1.00000
9.36876,0.97739,1.00000
14.37954,0.28698,0.00000
-7.30131,-7.59931,0.00000
-6.69972,4.97085,0.00000
-3.61176,-9.93744,0.00000
-1.82830,-5.73690,1.00000
-9.70403,9.07848,1.00000
-0.73572,12.27952,1.00000
-2.27423,12.45182,1.00000
-6.00161,-9.55900,0.00000
6.41979,9.29082,1.00000
-8.87096,-5.51388,0.00000
-8.63869,12.17370,1.00000
1.52994,11.96171,1.00000
-4.62814,-9.93850,0.00000
2.60280,-6.75701,1.00000
7.56530,-3.81728,1.00000
8.29503,-3.92458,1.00000
8.44853,-11.81004,0.00000
4.04715,-5.91462,1.00000
-14.56192,5.76678,1.00000
-12.44732,7.36527,1.00000
-9.32977,-4.00950,0.00000
8.61164,-2.31568,1.00000
7.74722,-2.83779,1.00000
-15.20324,3.44190,1.00000
8.43463,0.00944,1.00000
-12.10781,10.07178,1.00000
-7.82003,5.26277,0.00000
-6.16753,4.94941,0.00000
13.00031,-5.66270,0.00000
2.72373,-6.80348,1.00000
-7.87440,-9.09830,0.00000
6.99611,8.95045,1.00000
9.69331,3.55910,1.00000
-9.54258,-0.69808,0.00000
9.08183,-2.44729,1.00000
-12.64385,5.42910,1.00000
-7.84252,4.23032,0.00000
9.04813,6.29117,1.00000
-16.77925,0.11203,1.00000
-3.16065,-10.56302,0.00000
-1.96914,-11.46781,0.00000
-7.14835,1.37662,0.00000
10.41002,-8.92893,0.00000
-3.88908,12.70957,1.00000
6.03289,-13.11256,0.00000
7.90331,-10.74225,0.00000
9.53111,-2.32591,1.00000
16.03247,-0.54420,0.00000
-8.37441,-5.52053,0.00000
-3.63480,-11.86696,0.00000
11.79933,-8.56471,0.00000
9.80343,8.14363,1.00000
1.59502,13.74735,1.00000
15.62980,-4.30784,0.00000
8.95584,5.18708,1.00000
5.79721,10.83654,1.00000
-0.85364,6.61675,0.00000
-9.37777,-2.27994,0.00000
4.79103,-5.66723,1.00000
-0.53766,-12.83041,0.00000
-9.27888,-0.50788,0.00000
12.44370,-7.74851,0.00000
3.70781,-12.29945,0.00000
-3.61398,-10.54471,0.00000
8.44089,8.80465,1.00000
6.74436,8.63999,1.00000
7.05091,-12.74681,0.00000
-11.88981,8.49757,1.00000
-4.76652,11.83415,1.00000
8.15560,-1.99357,1.00000
9.14883,4.68553,1.00000
5.83953,11.50531,1.00000
2.82742,-12.57340,0.00000
3.70313,-13.45781,0.00000
-9.80424,-0.50328,0.00000
9.95036,-1.19999,1.00000
-1.28036,-12.59998,0.00000
15.56580,-0.85040,0.00000
7.01103,8.15179,1.00000
9.20010,-10.29571,0.00000
7.96440,6.14192,1.00000
-8.37006,4.06923,0.00000
1.21452,-6.23486,1.00000
-8.94678,-7.40446,0.00000
13.00211,-9.64717,0.00000
15.08962,-5.66187,0.00000
-14.91789,3.24068,1.00000
-11.94764,9.12298,1.00000
1.51901,-5.52953,1.00000
9.15117,0.96640,1.00000
3.71438,-6.05810,1.00000
13.04888,-7.06981,0.00000
-11.16981,9.84473,1.00000
1.53192,-13.01527,0.00000
10.57735,4.45281,1.00000
6.01276,-12.88668,0.00000
-3.59105,-11.01215,0.00000
-5.32535,-9.21353,0.00000
6.84690,-4.90153,1.00000
0.84446,8.60198,0.00000
2.95741,-6.07631,1.00000
2.94829,-6.39280,1.00000
3.04813,-6.02626,1.00000
3.36196,2.67596,0.00000
-7.76663,-7.24871,0.00000
11.99643,-9.37188,0.00000
0.81074,-12.39366,0.00000
-8.47037,-3.56018,0.00000
14.82484,-5.93102,0.00000
-5.30891,5.93417,0.00000
-4.80710,5.15523,0.00000
15.09382,-0.31168,0.00000
-7.68727,-5.25011,0.00000
11.07966,-8.06066,0.00000
-16.52516,2.84120,1.00000
7.44497,-11.71917,0.00000
12.66373,-5.50655,0.00000
14.90353,-2.79024,0.00000
-12.56869,8.06525,1.00000
-12.38473,6.80609,1.00000
-8.52859,11.22325,1.00000
0.92653,5.80358,0.00000
8.62966,1.95302,1.00000
-16.27716,4.32376,1.00000
-15.67225,3.36152,1.00000
-13.77424,6.92426,1.00000
-7.21321,-4.19099,0.00000
-2.99814,5.70686,0.00000
14.88418,-3.84371,0.00000
2.02699,-6.08172,1.00000
6.05416,7.72453,1.00000
1.84188,-13.27593,0.00000
-6.12081,5.47574,0.00000
0.08761,12.17955,1.00000
-12.05232,10.11954,1.00000
11.42078,-7.18604,0.00000
13.10613,-6.65802,0.00000
-6.98430,3.61848,0.00000
13.97584,-5.24708,0.00000
-3.51986,14.78486,1.00000
-5.17926,7.00207,0.00000
-8.38278,5.39268,0.00000
-4.63939,-10.99550,0.00000
0.28943,-12.91554,0.00000
-2.33820,-4.89080,1.00000
4.75832,11.95550,1.00000
3.04879,10.83085,1.00000
5.92996,-12.14205,0.00000
-9.98447,1.65061,0.00000
-7.28265,12.04293,1.00000
-4.62193,-10.86952,0.00000
8.15121,6.19368,1.00000
9.46810,6.73535,1.00000
8.40389,5.53342,1.00000
14.44150,-6.30527,0.00000
7.93085,-11.48356,0.00000
-10.10012,-6.37018,0.00000
1.59690,11.61292,1.00000
9.32547,-2.84149,1.00000
-4.18762,13.08794,1.00000
7.93899,-4.04702,1.00000
13.77027,-5.74673,0.00000
-8.97667,-4.54049,0.00000
-12.81069,8.14761,1.00000
5.96964,7.94261,1.00000
-3.03219,13.45117,1.00000
3.74271,-12.80436,0.00000
2.01396,12.16268,1.00000
7.52292,-10.63691,0.00000
-2.11577,13.29437,1.00000
14.85673,-4.83198,0.00000
-8.45416,12.42992,1.00000
9.37600,5.19375,1.00000
10.57850,-9.62312,0.00000
6.69325,-11.43807,0.00000
9.64206,4.92274,1.00000
13.75740,-5.39381,0.00000
9.01796,5.57713,1.00000
2.17647,10.80111,1.00000
-3.74063,-11.07538,0.00000
1.84390,12.11387,1.00000
5.19297,9.23774,1.00000
-0.87746,-11.28898,0.00000
8.35300,7.11417,1.00000
2.86899,12.71379,1.00000
15.63141,-2.15948,0.00000
-8.37145,-6.76107,0.00000
-13.72593,4.73500,1.00000
8.47490,-3.81147,1.00000
9.41498,7.08472,1.00000
-4.47854,7.06901,0.00000
-8.78077,-1.01584,0.00000
2.06152,-12.88394,0.00000
-14.49725,6.62926,1.00000
8.85096,1.52787,1.00000
0.00505,13.06388,1.00000
8.79448,5.26083,1.00000
-10.35910,-0.49999,0.00000
7.54739,9.93075,1.00000
0.60457,12.13448,1.00000
-0.15182,-5.89577,1.00000
-12.01902,7.46146,1.00000
0.25772,5.34246,0.00000
1.20568,-12.93198,0.00000
13.53192,-6.81364,0.00000
-7.17100,5.11122,0.00000
8.23656,-11.45632,0.00000
-0.24657,-12.42635,0.00000
5.60549,-12.02749,0.00000
-9.29654,-0.25718,0.00000
-0.51228,13.99375,1.00000
-7.36317,11.63429,1.00000
9.70354,-2.32783,1.00000
-13.52260,4.34577,1.00000
9.51772,-10.33660,0.00000
1.02500,13.01549,1.00000
-0.78873,12.14469,1.00000
10.71205,-9.34916,0.00000
-15.38885,2.26170,1.00000
15.01564,-4.20718,0.00000
9.16121,4.53234,1.00000
-15.96417,1.76444,1.00000
14.80715,-2.52636,0.00000
0.02197,12.55365,1.00000
8.48820,-12.27015,0.00000
-2.72696,-11.29405,0.00000
-2.76865,-12.02375,0.00000
-9.64212,-2.83333,0.00000
-14.88533,0.77142,1.00000
-11.71631,7.06059,1.00000
-10.94291,9.38822,1.00000
3.28091,-5.92785,1.00000
-5.88328,10.96385,1.00000
8.22881,-10.55167,0.00000
-6.80503,11.89661,1.00000
-4.27856,-11.54844,0.00000
-9.77150,-4.70222,0.00000
2.10705,10.73649,1.00000
-9.73454,10.27727,1.00000
0.53268,-12.44827,0.00000
-12.82826,6.60638,1.00000
9.58406,-8.87965,0.00000
9.73901,4.76399,1.00000
-0.96337,-13.20558,0.00000
-14.17680,2.30978,1.00000
-3.70884,12.20458,1.00000
-2.19823,-5.60936,1.00000
4.78539,2.05865,0.00000
-3.02588,11.84491,1.00000
-8.57631,-0.11287,0.00000
-9.58960,-5.08541,0.00000
8.77342,7.25038,1.00000
2.29050,12.56176,1.00000
-11.61131,6.88135,1.00000
-12.17421,9.12719,1.00000
-10.08933,-0.67997,0.00000
2.86496,-13.40978,0.00000
-7.87960,-9.50463,0.00000
10.16848,2.64089,1.00000
2.67773,-0.30718,0.00000
1.14156,12.54376,1.00000
3.72199,3.67678,0.00000
-1.36355,12.41865,1.00000
-0.96622,6.72054,0.00000
1.51779,-6.59262,1.00000
9.91844,-9.71711,0.00000
5.80942,9.81064,1.00000
-4.37472,6.12147,0.00000
-5.90558,-11.40191,0.00000
-10.24041,1.74295,0.00000
-5.05889,-11.34278,0.00000
-16.45741,0.86693,1.00000
2.44994,-0.26281,0.00000
-12.44573,7.49477,1.00000
9.12467,-11.94162,0.00000
8.04982,-1.99672,1.00000
-8.26044,12.54933,1.00000
11.83125,-8.16267,0.00000
3.71467,-12.05665,0.00000
-0.16570,-5.90167,1.00000
15.43299,-0.58354,0.00000
-7.52475,11.62053,1.00000
-3.34367,-11.14571,0.00000
-8.03725,-7.18199,0.00000
-14.34666,4.89481,1.00000
-14.68447,3.03122,1.00000
-15.26301,1.16916,1.00000
-5.09572,-10.25552,0.00000
0.02828,-12.20029,0.00000
-8.10635,2.32054,0.00000
12.96755,-5.89228,0.00000
10.11844,4.48849,1.00000
-10.91986,10.59290,1.00000
-8.71165,-5.92045,0.00000
-4.97219,11.90837,1.00000
15.11318,-7.49779,0.00000
-2.71924,-6.05613,1.00000
-7.67786,-9.08827,0.00000
14.91662,-1.58875,0.00000
-5.60507,-9.40323,0.00000
9.80230,-2.32401,1.00000
-13.71567,7.00217,1.00000
12.78676,-7.89491,0.00000
-13.99341,2.80275,1.00000
-6.07261,10.82551,1.00000
15.31735,-3.09600,0.00000
10.78761,-9.84471,0.00000
8.78474,-1.18220,1.00000
-9.61310,-3.67030,0.00000
-9.72777,-3.04978,0.00000
-8.61523,0.33300,0.00000
5.64665,-5.12342,1.00000
-3.01386,-11.51400,0.00000
6.95049,-5.19915,1.00000
-9.18725,-0.05466,0.00000
7.63040,-4.67965,1.00000
8.81403,-11.73910,0.00000
0.24179,12.96490,1.00000
-14.40289,5.57270,1.00000
-3.58905,-1.69529,1.00000
8.89898,-1.53844,1.00000
4.66951,9.93149,1.00000
1.32310,-6.54688,1.00000
-6.68928,-9.53888,0.00000
8.77008,0.88500,1.00000
4.70524,-12.42519,0.00000
5.66195,8.92017,1.00000
14.21554,-6.64822,0.00000
2.54373,-12.28720,0.00000
-4.61731,10.96170,1.00000
-1.74625,11.71590,1.00000
-1.13689,12.16915,1.00000
-9.59878,-4.42426,0.00000
-0.97639,-5.21354,1.00000
0.68305,11.81690,1.00000
-2.17762,6.46348,0.00000
8.98416,4.24889,1.00000
8.43668,-10.17089,0.00000
-0.00504,6.79073,0.00000
-14.75932,3.64397,1.00000
-12.88028,4.33746,1.00000
5.40912,11.47063,1.00000
10.50585,-0.34893,1.00000
-8.03791,-7.78828,0.00000
-5.27706,-9.70730,0.00000
-4.94199,-9.99251,0.00000
1.28879,11.89180,1.00000
-6.33451,-9.05151,0.00000
3.85587,11.35601,1.00000
-2.27493,-11.50255,0.00000
-1.16398,-12.45047,0.00000
-0.99479,-12.10994,0.00000
2.99472,-12.75436,0.00000
5.67296,-11.74648,0.00000
-9.52176,-4.25368,0.00000
-4.87383,12.06334,1.00000
14.35498,0.35614,0.00000
7.86270,-11.12808,0.00000
-8.50092,-6.35493,0.00000
-11.75727,7.89543,1.00000
5.78794,-5.81207,1.00000
0.25125,12.87161,1.00000
-0.88019,-12.23336,0.00000
3.32478,10.83763,1.00000
-9.65166,-0.71509,0.00000
4.63684,-12.41242,0.00000
7.52981,8.73267,1.00000
-7.96923,1.42296,0.00000
-0.94756,-11.41780,0.00000
5.99076,-12.68733,0.00000
-4.99285,12.04298,1.00000
-8.12718,3.98229,0.00000
15.02180,-1.24300,0.00000
-9.99341,-2.27158,0.00000
6.10226,11.42625,1.00000
8.07336,2.37996,1.00000
9.93792,-10.58475,0.00000
1.99064,12.34606,1.00000
1.29394,6.02053,0.00000
-9.93079,12.69451,1.00000
-9.58194,-2.84520,0.00000
9.66073,-1.22396,1.00000
0.67088,13.08516,1.00000
4.63117,12.19082,1.00000
-0.58205,-12.41027,0.00000
-10.93950,1.96665,0.00000
14.96615,-4.02861,0.00000
8.96522,2.81706,1.00000
-7.73525,3.86867,0.00000
6.07078,9.57085,1.00000
5.87042,9.44565,1.00000
4.72992,-12.12439,0.00000
10.44474,6.00303,1.00000
-14.69686,3.24371,1.00000
-3.30819,6.98765,0.00000
13.24433,-3.37472,0.00000
1.02452,12.10117,1.00000
14.37966,-5.58412,0.00000
-7.87996,-8.09545,0.00000
-2.79549,5.42479,0.00000
-4.06885,12.41294,1.00000
11.65014,-8.22747,0.00000
12.37406,-8.49338,0.00000
-2.81647,-11.07772,0.00000
-7.43204,11.35886,1.00000
2.07143,4.00444,0.00000
-9.88006,-4.65397,0.00000
-8.06779,0.12143,0.00000
14.75655,-3.13737,0.00000
-2.83465,13.62799,1.00000
11.23608,-10.62932,0.00000
8.05705,7.96767,1.00000
4.63161,-6.88775,1.00000
-6.58992,5.57442,0.00000
-10.53859,10.00635,1.00000
3.23045,-12.53123,0.00000
-7.54009,3.49771,0.00000
14.84608,-5.92606,0.00000
-16.50441,-0.53567,1.00000
14.56320,-4.32551,0.00000
-3.12972,-10.28278,0.00000
9.23725,4.02040,1.00000
0.34698,12.16291,1.00000
-15.60698,1.40570,1.00000
1.22734,-13.32779,0.00000
-0.81515,13.66739,1.00000
4.63110,11.21733,1.00000
4.83184,-7.57178,1.00000
8.71290,2.22607,1.00000
9.50133,-9.64633,0.00000
-7.84858,-8.18271,0.00000
-2.94085,-0.79707,1.00000
14.21795,-3.47513,0.00000
14.00109,-2.80534,0.00000
10.12177,3.81775,1.00000
-3.60089,5.96608,0.00000
3.36891,9.59483,1.00000
9.46716,3.96038,1.00000
-13.96639,3.83049,1.00000
-16.71693,0.39299,1.00000
-2.54647,12.47936,1.00000
-6.45878,4.73108,0.00000
-8.40668,-7.22226,0.00000
-8.90976,0.78638,0.00000
-4.03067,-0.17376,1.00000
-9.22146,0.24684,0.00000
-9.33994,-0.95398,0.00000
15.06601,-4.02525,0.00000
12.71852,-6.55844,0.00000
-2.21719,12.41396,1.00000
-1.70425,12.86275,1.00000
-3.08185,-3.58027,1.00000
7.51669,-4.31038,1.00000
4.76621,-6.16278,1.00000
3.02075,-12.85913,0.00000
-8.05776,11.53172,1.00000
14.07898,-4.70154,0.00000
-13.61747,5.03468,1.00000
9.99971,-9.68140,0.00000
0.28559,6.00460,0.00000
5.92533,-11.06848,0.00000
-3.10766,7.78314,0.00000
-2.53607,12.94105,1.00000
-8.83668,1.13257,0.00000
0.01422,11.97275,1.00000
2.55676,-11.92600,0.00000
-10.20434,-4.13213,0.00000
-9.84965,-0.29508,0.00000
14.98140,-3.88616,0.00000
14.31676,-4.77833,0.00000
-3.49655,-2.28222,1.00000
15.84510,-3.13336,0.00000
1.26014,6.27304,0.00000
-6.95733,5.17171,0.00000
-10.04780,9.96623,1.00000
4.79318,11.12621,1.00000
3.36797,-6.33911,1.00000
-2.55748,-13.08831,0.00000
-9.52431,-4.71608,0.00000
-6.97940,11.13456,1.00000
-9.62437,1.72588,0.00000
-13.88259,3.65307,1.00000
-3.11297,-4.38745,1.00000
-7.84042,-7.39279,0.00000
-15.19085,0.02348,1.00000
5.01636,9.67593,1.00000
-7.36515,11.22256,1.00000
-13.92649,5.83753,1.00000
-2.80376,-4.22018,1.00000
6.34579,-4.01909,1.00000
-15.71825,1.69127,1.00000
14.25558,-7.43745,0.00000
-4.51066,-10.48250,0.00000
-14.38534,3.31104,1.00000
-7.02566,-9.12359,0.00000
3.84843,11.05585,1.00000
-7.89040,3.16764,0.00000
-13.19932,7.09645,1.00000
-1.18843,-11.81996,0.00000
0.36939,-6.26791,1.00000
14.14953,-4.64356,0.00000
8.18504,6.21978,1.00000
-5.71334,4.31679,0.00000
-3.12792,-3.53003,1.00000
4.07390,-13.22459,0.00000
-9.69102,12.19361,1.00000
-2.51204,7.36013,0.00000
-2.03954,-5.64910,1.00000
-10.84389,9.64294,1.00000
-6.57423,11.96181,1.00000
8.63306,-2.37349,1.00000
1.96358,-5.59749,1.00000
-8.23075,10.66830,1.00000
-14.55040,4.35456,1.00000
8.55022,-10.37186,0.00000
-8.66096,10.52985,1.00000
4.74366,-12.93778,0.00000
1.90662,11.45798,1.00000
-2.86126,13.57464,1.00000
1.23729,-6.90515,1.00000
1.05052,-12.26708,0.00000
3.68778,-6.30740,1.00000
-9.32642,-3.57448,0.00000
3.50993,12.05058,1.00000
-9.90274,-3.17631,0.00000
-8.54473,11.41506,1.00000
-14.19259,5.08297,1.00000
12.69045,-5.28659,0.00000
13.64869,-6.63335,0.00000
4.81093,2.42790,0.00000
-11.15388,-0.54395,0.00000
-0.22840,-5.52373,1.00000
2.55783,12.03537,1.00000
6.26968,9.02639,1.00000
8.65391,-3.42512,1.00000
-14.43628,5.37222,1.00000
-9.05563,1.05417,0.00000
15.58260,-1.24414,0.00000
-1.83963,-11.30879,0.00000
-10.12828,-2.18440,0.00000
8.40751,-3.67727,1.00000
7.43812,10.74744,1.00000
-2.74712,-13.24545,0.00000
-10.18076,-0.02345,0.00000
-14.09074,7.03568,1.00000
16.84603,-0.20504,0.00000
11.61437,-8.18569,0.00000
-0.54015,7.54754,0.00000
10.68924,-7.77082,0.00000
-14.93103,4.75998,1.00000
-5.43860,11.74540,1.00000
9.37021,-9.31402,0.00000
11.18341,-10.70626,0.00000
-8.89313,11.13008,1.00000
3.52159,12.22240,1.00000
-8.17101,-5.42776,0.00000
-4.78613,11.78182,1.00000
-10.87175,7.72220,1.00000
-0.57187,-12.86904,0.00000
5.83597,-6.22168,1.00000
2.10852,5.57055,0.00000
-2.55067,-8.78505,0.00000
4.81019,-5.14356,1.00000
10.39416,-10.02375,0.00000
2.79858,5.01149,0.00000
-8.43109,2.84339,0.00000
5.26167,9.20674,1.00000
-15.13281,0.30738,1.00000
4.04898,3.62394,0.00000
-5.99957,-10.13019,0.00000
9.78316,0.36293,1.00000
-12.36696,7.14059,1.00000
-8.76202,10.43384,1.00000
9.82489,1.96634,1.00000
-14.55977,2.31428,1.00000
-12.76589,7.62173,1.00000
14.07851,-1.18993,0.00000
5.76090,-12.17336,0.00000
0.18209,6.80112,0.00000
1.17475,-13.59597,0.00000
-11.95285,7.05405,1.00000
0.26285,-5.64318,1.00000
16.16355,-1.37564,0.00000
16.05606,-4.99835,0.00000
-3.92643,12.91680,1.00000
15.62887,-2.32030,0.00000
-9.84422,9.75060,1.00000
-15.26867,2.16850,1.00000
-8.96933,10.63874,1.00000
11.05706,-8.40927,0.00000
-1.63472,6.47889,0.00000
-6.32268,4.60659,0.00000
-0.38676,-6.36656,1.00000
-3.80302,13.01982,1.00000
-9.65791,8.48215,1.00000
13.21174,-6.57570,0.00000
-3.33676,-3.20146,1.00000
5.42590,-12.10157,0.00000
-4.77770,5.02126,0.00000
-1.80993,7.21903,0.00000
-14.81031,3.50971,1.00000
3.26133,-5.59016,1.00000
9.22552,-10.99810,0.00000
8.77323,2.22060,1.00000
2.97058,10.38293,1.00000
-16.34144,2.43836,1.00000
8.09970,-9.95522,0.00000
1.79966,-12.95839,0.00000
-9.09389,-2.34403,0.00000
5.18683,10.11738,1.00000
-7.81719,9.87278,1.00000
-0.09550,6.90937,0.00000
0.87214,11.63152,1.00000
0.14134,-13.75720,0.00000
6.56731,-6.45849,1.00000
4.25849,-13.20055,0.00000
2.95202,-6.29617,1.00000
-3.90068,-10.74598,0.00000
-14.45210,3.92327,1.00000
-14.42199,0.91660,1.00000
15.63274,-5.02565,0.00000
16.08355,-3.44882,0.00000
-7.90977,-7.39644,0.00000
9.55551,2.46208,1.00000
-3.44348,-11.17121,0.00000
10.42252,0.85260,1.00000
11.23563,-8.83296,0.00000
-7.24709,-8.99182,0.00000
14.54135,-3.96845,0.00000
-8.11940,-7.53507,0.00000
16.16517,-0.48874,0.00000
-11.01753,10.98635,1.00000
10.55264,-10.41965,0.00000
3.66215,-5.56663,1.00000
3.46567,-11.92456,0.00000
8.20681,-11.54413,0.00000
1.58543,-8.45583,1.00000
8.97039,6.13644,1.00000
14.11037,-5.64267,0.00000
1.12290,-12.05005,0.00000
0.17959,6.01698,0.00000
7.62603,5.56910,1.00000
-5.60674,-9.85885,0.00000
8.50545,-3.15160,1.00000
-8.77420,-3.67389,0.00000
-14.47933,2.78465,1.00000
-5.48795,11.71456,1.00000
0.31222,-5.60767,1.00000
5.70753,-4.44320,1.00000
-1.29664,-12.84583,0.00000
-8.69299,-8.53814,0.00000
-13.21796,6.02643,1.00000
9.98145,2.94455,1.00000
-14.12759,6.68843,1.00000
9.79251,1.59199,1.00000
-9.57745,9.20544,1.00000
